red,local,menu_location,price,comp_price,abv,avg_temp,population,sales
1.0,0.0,top,43.43,30.16,21.1,80.9,95.7,63.81
1.0,0.0,bottom,88.92,95.4,12.2,80.51,112.54,52.45
1.0,1.0,middle,18.48,48.81,4.3,80.73,66.96,88.49
1.0,0.0,top,24.73,43.71,10.3,75.94,128.4,50.55
1.0,1.0,bottom,100.14,95.89,17.7,78.74,28.45,75.31
1.0,0.0,middle,58.09,21.53,20.5,81.32,120.07,100.5
1.0,0.0,top,25.03,22.38,10.8,78.64,112.38,51.42
1.0,1.0,middle,54.49,69.14,19.9,83.38,24.43,111.25
1.0,0.0,top,44.55,44.33,14.4,88.13,81.86,61.7
0.0,0.0,middle,47.0,42.82,10.8,83.68,100.03,82.17
0.0,0.0,top,38.61,38.87,13.8,81.65,128.13,51.88
0.0,1.0,top,25.62,26.54,20.8,79.77,88.32,56.02
1.0,0.0,top,27.38,18.23,17.9,77.56,70.07,54.68
0.0,1.0,bottom,93.37,68.98,9.6,80.85,39.44,62.37
0.0,1.0,middle,22.24,41.87,13.6,81.43,53.1,77.37
1.0,0.0,top,26.88,21.92,16.8,81.37,71.74,53.39
1.0,0.0,top,29.89,37.26,19.0,83.85,96.74,52.81
1.0,0.0,top,23.55,27.85,6.9,78.37,127.5,51.4
1.0,0.0,bottom,115.19,70.35,6.3,85.81,31.97,49.29
1.0,0.0,middle,9.15,66.19,6.8,80.3,112.42,62.93
0.0,0.0,middle,53.76,41.36,21.2,76.92,73.16,88.06
1.0,0.0,bottom,96.0,124.76,6.0,76.99,80.79,60.66
1.0,0.0,top,21.84,38.03,18.6,78.54,63.17,46.51
1.0,0.0,bottom,100.55,89.01,20.7,76.27,109.94,59.96
1.0,0.0,top,28.97,35.57,21.9,78.4,27.81,52.58
0.0,0.0,middle,58.42,33.75,10.7,81.39,43.64,85.82
0.0,1.0,top,36.27,36.94,13.2,82.67,70.21,63.99
0.0,0.0,top,27.89,24.83,8.7,83.72,29.05,45.84
0.0,1.0,bottom,88.83,94.46,8.8,78.11,115.63,67.76
1.0,0.0,middle,44.55,36.87,21.4,81.66,54.33,93.91
1.0,0.0,top,26.97,24.65,11.4,79.6,76.57,51.01
0.0,0.0,bottom,94.81,100.79,14.8,75.97,61.96,50.54
1.0,0.0,bottom,99.7,101.83,16.2,83.16,32.86,60.26
0.0,1.0,bottom,96.53,93.28,19.6,79.93,62.11,61.97
0.0,0.0,middle,56.35,40.87,4.0,76.35,67.37,92.51
1.0,1.0,middle,58.33,18.63,14.4,79.11,22.5,117.64
0.0,0.0,top,43.71,27.27,9.6,82.65,125.52,52.35
0.0,0.0,bottom,127.57,132.13,10.2,79.65,97.54,38.91
1.0,0.0,middle,41.25,63.09,8.8,76.73,83.87,93.41
1.0,1.0,top,32.12,22.21,20.9,75.1,93.57,68.0
1.0,0.0,middle,47.54,45.94,18.3,85.32,63.15,98.12
0.0,1.0,bottom,89.78,124.66,7.8,79.26,113.62,68.17
1.0,1.0,bottom,81.85,65.11,20.8,80.03,82.18,71.8
1.0,0.0,bottom,76.87,94.02,6.3,76.06,80.46,59.27
0.0,0.0,bottom,82.77,132.1,17.0,77.93,91.22,55.34
1.0,0.0,top,30.29,41.93,16.5,82.0,95.12,52.24
1.0,1.0,middle,47.89,58.21,17.8,81.83,37.42,115.83
1.0,0.0,bottom,86.84,114.26,4.3,80.87,93.77,59.87
0.0,0.0,middle,51.32,40.7,16.6,81.9,66.19,87.66
0.0,0.0,middle,5.19,8.5,21.8,81.9,106.64,48.44
0.0,0.0,middle,28.28,12.55,15.6,82.89,129.1,68.17
0.0,1.0,bottom,101.65,116.41,4.0,76.4,23.64,65.06
1.0,0.0,top,15.28,29.84,18.9,81.85,79.31,44.49
1.0,0.0,top,33.2,31.9,5.1,77.85,87.67,53.81
1.0,0.0,bottom,107.02,129.76,9.7,81.55,69.37,56.44
1.0,0.0,middle,38.84,49.38,4.1,79.18,93.25,94.12
0.0,1.0,middle,64.38,26.41,20.4,79.06,35.16,104.62
0.0,0.0,bottom,124.11,93.45,5.4,76.21,36.32,39.63
1.0,0.0,bottom,102.39,123.01,6.7,82.65,47.84,54.86
1.0,0.0,bottom,117.91,122.01,21.7,79.41,128.28,43.39
0.0,0.0,middle,49.86,28.23,10.0,79.65,68.07,89.88
0.0,1.0,top,22.85,14.27,15.0,81.15,57.2,50.1
1.0,0.0,bottom,93.21,111.53,17.2,77.64,88.07,58.32
0.0,0.0,bottom,97.35,100.03,18.1,79.82,115.79,45.43
0.0,1.0,middle,74.38,17.0,19.9,78.25,52.77,111.7
1.0,0.0,middle,24.51,16.95,11.8,79.72,67.06,80.91
1.0,1.0,top,21.44,40.32,13.3,83.04,107.79,56.24
0.0,0.0,middle,68.87,39.34,20.1,79.16,74.61,89.39
0.0,1.0,middle,40.6,50.39,4.8,81.88,23.51,100.15
0.0,0.0,middle,48.66,31.43,16.6,79.14,98.48,88.28
1.0,0.0,bottom,99.79,92.69,14.0,81.86,100.87,54.54
1.0,0.0,top,30.51,25.29,12.6,81.58,24.0,53.73
1.0,0.0,bottom,104.24,76.58,19.1,78.48,96.51,53.26
1.0,0.0,middle,42.87,82.94,8.8,81.7,43.58,91.18
0.0,1.0,top,28.23,24.03,4.5,77.94,128.76,55.9
1.0,0.0,middle,50.44,26.02,16.9,84.82,82.75,99.06
0.0,0.0,middle,31.75,32.24,10.1,76.91,32.47,74.55
1.0,0.0,bottom,94.68,120.6,20.7,76.76,82.69,57.28
1.0,0.0,bottom,89.35,93.36,19.5,80.6,70.81,63.34
0.0,1.0,top,28.49,35.23,7.1,80.51,97.93,65.43
1.0,0.0,bottom,87.31,91.98,10.6,79.45,29.54,53.83
1.0,0.0,middle,68.92,42.87,19.0,77.18,103.0,100.56
1.0,1.0,middle,44.95,47.16,15.2,79.33,41.91,110.08
1.0,1.0,top,22.41,29.87,15.2,81.99,116.74,62.32
1.0,0.0,middle,40.81,72.95,5.7,82.42,85.64,94.97
1.0,0.0,bottom,107.03,104.53,10.4,78.25,26.43,54.34
0.0,1.0,bottom,97.95,123.23,15.9,79.62,100.09,58.24
1.0,1.0,middle,25.3,58.37,6.6,76.98,122.54,96.14
1.0,1.0,bottom,127.77,120.95,20.4,77.11,87.72,62.85
1.0,0.0,bottom,105.72,76.26,13.3,85.01,77.77,60.07
1.0,0.0,middle,28.31,10.62,18.1,81.67,21.05,79.05
1.0,1.0,middle,58.1,-38.83,5.2,80.83,27.0,113.26
1.0,0.0,top,29.19,33.81,10.1,76.26,117.02,52.93
1.0,0.0,middle,37.83,43.77,10.0,76.26,35.05,86.35
1.0,0.0,middle,85.59,49.35,18.6,78.44,69.02,105.07
1.0,0.0,top,17.54,34.79,14.1,76.19,24.38,43.16
1.0,1.0,bottom,61.83,82.11,9.8,80.72,81.74,71.84
0.0,0.0,bottom,113.56,120.33,19.8,79.93,34.86,40.9
1.0,0.0,bottom,90.35,120.98,21.0,80.29,122.18,59.16
1.0,1.0,middle,36.85,72.14,15.1,83.09,106.98,101.16
1.0,1.0,top,26.31,17.37,8.6,86.05,32.64,65.14
0.0,0.0,bottom,127.27,108.9,6.5,77.26,86.95,39.6
1.0,0.0,middle,58.57,75.97,11.5,80.72,48.89,101.32
1.0,0.0,middle,10.56,54.42,5.6,79.14,125.71,61.67
1.0,0.0,bottom,92.17,128.33,17.2,85.27,86.39,64.05
0.0,0.0,bottom,110.46,83.57,10.9,76.88,29.64,45.76
1.0,0.0,middle,49.46,70.27,4.7,77.79,98.84,102.58
0.0,0.0,middle,51.28,13.95,13.3,76.97,24.31,85.46
1.0,0.0,bottom,112.37,83.71,16.5,83.18,107.92,45.21
1.0,0.0,top,25.69,25.54,14.1,79.69,45.53,55.9
1.0,0.0,middle,41.35,-4.51,16.3,82.01,54.68,95.74
1.0,0.0,bottom,102.33,96.54,18.2,79.11,20.54,60.22
1.0,1.0,bottom,73.1,87.84,6.3,81.12,121.56,75.86
0.0,0.0,middle,47.06,63.6,10.2,73.82,123.07,90.93
0.0,0.0,top,32.03,17.61,18.0,79.99,30.46,44.41
1.0,0.0,top,39.58,33.44,18.3,80.31,102.08,61.9
1.0,0.0,bottom,78.26,89.07,7.0,75.45,81.38,57.91
1.0,0.0,top,31.38,16.39,5.2,73.68,79.21,55.54
1.0,0.0,top,33.36,22.05,20.8,76.56,23.18,54.6
0.0,1.0,top,24.08,30.15,6.9,85.72,45.05,54.01
0.0,1.0,top,40.21,28.23,9.9,78.71,104.5,72.9
0.0,1.0,middle,27.09,26.51,21.9,79.87,56.57,84.85
1.0,1.0,middle,32.69,70.11,17.8,81.88,83.67,103.67
0.0,0.0,middle,54.32,9.18,10.4,77.87,48.36,84.33
1.0,0.0,middle,70.98,13.82,4.6,78.88,95.04,104.49
1.0,1.0,bottom,101.03,89.07,7.9,80.77,74.43,71.29
1.0,0.0,top,37.09,42.0,9.1,78.92,89.52,62.71
0.0,0.0,bottom,101.92,76.81,14.0,80.84,29.9,49.32
0.0,1.0,top,25.15,34.08,20.8,83.56,73.97,57.36
0.0,0.0,top,25.31,16.9,9.7,76.87,121.8,40.97
1.0,1.0,bottom,101.14,85.74,7.5,84.98,97.02,76.3
1.0,1.0,middle,47.17,26.2,20.5,77.48,31.22,108.45
1.0,0.0,top,18.27,32.47,8.6,80.03,109.81,44.4
0.0,1.0,top,23.39,43.87,6.6,76.28,106.59,56.75
1.0,1.0,middle,54.81,62.04,15.8,77.51,85.03,109.42
1.0,1.0,middle,24.19,8.0,20.5,78.17,53.01,93.19
1.0,1.0,middle,68.01,71.61,5.4,80.58,117.15,114.3
0.0,0.0,bottom,107.4,84.59,4.7,83.25,124.46,48.03
1.0,1.0,top,21.9,34.26,6.2,86.09,66.03,63.87
1.0,0.0,bottom,107.54,120.9,21.6,72.01,84.39,52.85
0.0,0.0,middle,39.8,18.74,6.5,77.28,61.91,84.33
0.0,1.0,bottom,100.48,81.7,16.9,82.06,28.76,57.04
0.0,1.0,bottom,148.25,64.88,14.0,80.01,39.7,35.49
0.0,0.0,top,31.35,22.88,16.1,80.56,105.48,45.31
1.0,1.0,top,35.49,29.46,11.3,82.61,75.0,72.65
1.0,1.0,bottom,109.54,145.55,6.9,82.64,97.5,71.4
0.0,1.0,middle,31.04,15.02,7.4,80.78,59.54,90.84
0.0,0.0,top,49.78,36.0,5.5,84.24,79.8,58.39
1.0,1.0,bottom,93.52,95.68,17.9,79.45,71.76,67.72
1.0,0.0,top,15.02,36.0,10.5,80.4,79.94,41.11
0.0,1.0,middle,47.87,19.86,15.5,82.38,126.74,101.01
0.0,0.0,bottom,93.53,87.25,14.6,75.39,57.0,47.25
0.0,0.0,middle,34.06,19.69,13.3,86.5,83.34,76.55
1.0,1.0,middle,61.41,48.97,9.4,70.22,97.77,116.39
1.0,0.0,top,21.09,35.63,6.2,79.51,47.21,44.41
0.0,1.0,middle,36.06,30.36,19.7,85.68,33.14,100.75
0.0,0.0,top,33.31,29.74,14.4,74.11,125.58,50.31
0.0,1.0,middle,41.52,28.5,21.3,74.99,26.12,94.96
1.0,0.0,middle,58.15,28.6,8.7,77.51,65.17,102.78
0.0,1.0,bottom,90.78,92.96,15.2,85.8,112.22,63.88
0.0,1.0,top,28.74,43.79,8.2,83.1,117.88,53.08
1.0,0.0,middle,58.3,49.44,6.3,78.65,128.04,95.0
0.0,0.0,top,25.18,44.96,20.3,82.94,23.39,39.07
1.0,1.0,top,31.23,31.4,10.9,88.24,80.23,71.27
1.0,0.0,bottom,89.68,119.79,5.6,83.9,99.19,63.47
0.0,0.0,top,25.32,21.38,17.5,80.0,116.66,42.99
0.0,0.0,middle,38.28,41.75,13.9,84.36,58.4,76.83
0.0,0.0,bottom,107.59,76.87,4.7,81.99,58.41,44.96
1.0,1.0,bottom,104.85,91.29,21.0,76.63,85.06,72.35
0.0,1.0,bottom,104.27,107.49,15.6,73.48,21.48,64.9
1.0,0.0,bottom,106.1,93.11,20.7,76.36,66.32,51.58
1.0,0.0,bottom,99.33,87.29,8.8,73.69,79.12,60.01
0.0,0.0,bottom,101.36,115.9,20.2,78.03,24.81,47.33
1.0,0.0,middle,63.73,87.76,14.9,76.92,72.31,105.44
1.0,0.0,bottom,71.17,101.02,7.9,76.79,63.66,56.82
1.0,0.0,middle,31.04,60.58,11.3,72.19,79.72,87.67
1.0,0.0,bottom,111.17,147.66,19.5,74.59,50.47,49.74
0.0,0.0,middle,47.73,26.12,11.0,83.26,92.1,87.65
0.0,1.0,middle,72.35,45.25,13.2,76.95,55.88,104.68
0.0,0.0,top,35.86,37.65,5.8,73.75,46.3,49.36
1.0,1.0,middle,28.04,67.97,10.7,81.01,85.83,94.54
0.0,0.0,bottom,118.84,99.48,22.0,81.22,33.41,38.05
1.0,0.0,middle,5.35,54.15,20.4,73.23,52.23,61.49
0.0,1.0,middle,53.43,55.99,10.4,83.69,114.64,101.75
1.0,0.0,top,34.9,18.08,10.0,74.06,122.91,62.1
1.0,0.0,bottom,94.51,86.7,7.2,78.82,50.67,59.06
1.0,0.0,bottom,101.9,88.65,18.1,79.88,59.27,55.26
1.0,1.0,bottom,98.97,76.67,14.8,74.91,121.96,74.42
1.0,0.0,top,23.8,41.81,10.3,78.76,49.15,51.2
1.0,1.0,top,22.09,24.43,12.7,75.2,48.6,59.73
1.0,0.0,bottom,105.51,135.48,19.4,83.64,44.69,59.83
1.0,0.0,bottom,108.98,134.99,5.9,77.77,125.85,53.64
1.0,1.0,top,29.52,32.63,12.3,79.56,78.91,69.88
1.0,1.0,bottom,100.14,118.14,20.1,81.86,34.52,63.98
1.0,0.0,middle,29.76,46.87,9.7,82.51,113.52,82.83
1.0,0.0,bottom,81.45,108.43,4.9,75.79,53.76,59.6
1.0,1.0,middle,20.48,10.89,7.2,77.64,77.03,91.95
1.0,0.0,top,24.82,29.67,9.9,83.54,43.41,51.54
0.0,1.0,top,30.42,24.73,13.3,87.7,24.76,56.92
1.0,0.0,middle,58.78,7.76,14.6,87.61,87.74,100.49
0.0,0.0,top,40.42,43.87,19.0,80.17,114.18,52.14
0.0,0.0,bottom,112.21,75.65,5.5,80.49,26.49,40.69
1.0,0.0,middle,21.14,32.37,21.3,78.98,93.13,74.7
0.0,0.0,top,21.82,21.36,19.1,78.13,29.17,36.62
1.0,0.0,top,36.87,24.6,16.6,82.57,112.41,61.63
0.0,0.0,middle,56.65,16.8,8.8,79.29,125.85,89.51
0.0,0.0,bottom,97.88,99.83,11.5,81.38,20.38,44.11
0.0,0.0,middle,48.66,5.99,16.1,75.3,41.76,85.8
0.0,1.0,bottom,84.97,91.87,6.8,78.61,104.24,63.45
1.0,1.0,top,26.64,24.37,4.4,80.95,117.02,68.67
0.0,1.0,top,27.55,34.58,9.2,86.26,54.0,54.43
0.0,0.0,top,22.06,15.42,7.2,79.81,48.01,39.72
1.0,1.0,middle,24.98,59.21,8.9,81.67,81.72,90.48
0.0,0.0,middle,52.98,-0.97,17.9,85.6,52.84,87.48
1.0,0.0,middle,39.5,72.76,17.1,82.06,125.57,87.75
0.0,1.0,top,14.23,28.0,11.6,71.59,126.17,51.04
0.0,1.0,bottom,105.0,103.26,20.1,80.65,84.91,59.28
1.0,0.0,middle,41.08,49.21,12.5,79.6,29.72,90.29
1.0,0.0,bottom,84.41,54.63,12.6,76.69,84.8,60.85
1.0,0.0,bottom,114.46,86.41,7.7,76.53,67.15,54.74
1.0,1.0,top,44.06,33.05,6.3,77.56,126.11,80.1
0.0,0.0,top,44.81,21.1,5.6,86.76,62.22,59.07
1.0,0.0,bottom,102.24,129.59,13.1,81.52,85.2,54.01
1.0,0.0,middle,69.93,38.88,19.4,80.81,48.57,106.12
1.0,0.0,middle,33.1,64.0,15.7,79.88,34.67,87.22
1.0,0.0,middle,51.56,20.77,12.1,84.45,111.01,99.82
0.0,0.0,top,31.65,39.33,6.2,85.53,61.94,48.24
0.0,1.0,bottom,101.89,90.53,11.1,75.86,112.53,56.81
0.0,0.0,top,23.09,30.06,13.7,77.5,104.34,38.39
1.0,1.0,bottom,104.37,96.99,20.7,81.99,71.05,69.58
0.0,0.0,middle,51.84,11.83,11.8,79.9,75.25,90.4
0.0,0.0,top,27.85,13.19,6.3,81.72,44.15,41.59
0.0,0.0,middle,38.7,-11.47,19.8,81.7,84.41,85.55
1.0,0.0,middle,40.61,83.08,7.5,80.9,22.0,93.44
1.0,0.0,bottom,84.49,97.39,7.5,78.3,82.23,60.9
0.0,0.0,bottom,102.69,113.06,11.6,81.43,43.14,49.34
1.0,0.0,bottom,110.81,123.98,11.2,84.36,25.07,54.57
1.0,0.0,top,33.99,36.82,15.5,78.77,62.44,52.79
0.0,0.0,bottom,105.45,77.55,6.0,77.72,115.82,40.46
1.0,0.0,middle,54.77,57.6,7.9,75.2,103.82,97.25
1.0,1.0,top,24.29,21.49,7.6,76.41,34.56,69.18
0.0,0.0,bottom,108.6,79.32,12.1,86.84,83.1,40.01
1.0,1.0,bottom,82.6,130.84,19.8,75.04,78.68,77.36
1.0,0.0,middle,57.94,72.09,21.5,79.62,52.29,102.55
1.0,1.0,bottom,88.03,132.91,19.3,80.19,88.73,77.31
1.0,0.0,middle,43.25,26.39,12.1,81.72,81.94,95.95
0.0,0.0,bottom,105.9,95.93,13.9,87.2,32.25,45.97
1.0,0.0,bottom,96.43,100.63,7.5,76.27,58.13,58.3
0.0,0.0,bottom,90.91,65.13,12.9,77.13,49.73,46.59
0.0,0.0,bottom,92.29,118.11,21.4,82.08,26.65,50.78
1.0,0.0,bottom,110.78,95.33,17.9,77.83,65.97,47.16
0.0,0.0,top,29.27,4.82,13.2,81.94,59.64,38.28
0.0,1.0,bottom,78.32,122.32,7.8,82.7,84.56,60.86
1.0,0.0,bottom,88.34,94.81,11.6,83.23,47.91,56.5
0.0,1.0,top,31.21,16.0,6.7,82.23,82.35,57.99
1.0,1.0,middle,17.52,71.08,7.5,85.51,100.04,87.16
1.0,0.0,middle,58.31,39.88,16.8,80.72,45.08,103.39
1.0,0.0,top,36.6,40.57,17.2,73.85,48.37,56.34
0.0,1.0,top,18.75,34.8,9.5,79.77,70.72,43.5
1.0,0.0,top,28.56,32.71,21.0,76.01,128.12,54.78
1.0,1.0,middle,31.12,65.15,20.3,81.4,128.27,105.41
0.0,0.0,bottom,126.0,94.71,20.4,74.91,86.67,35.3
1.0,0.0,bottom,76.06,94.17,10.7,74.94,64.49,61.51
1.0,1.0,top,30.88,23.48,20.8,85.08,27.81,74.82
1.0,0.0,middle,47.29,41.84,18.9,78.0,105.38,97.71
0.0,0.0,middle,12.2,30.98,17.1,77.62,124.46,51.8
1.0,0.0,top,30.43,32.64,17.0,77.95,93.93,56.09
1.0,1.0,bottom,98.2,103.46,15.7,73.87,21.24,69.23
0.0,1.0,top,18.14,27.67,11.4,82.99,68.53,46.22
0.0,0.0,top,21.42,33.53,9.9,74.94,35.06,38.83
0.0,1.0,middle,83.48,30.8,7.5,81.36,27.87,111.27
1.0,0.0,bottom,113.38,109.81,9.7,81.09,74.82,55.8
0.0,0.0,middle,24.47,29.32,8.4,76.82,45.82,74.67
1.0,0.0,middle,38.15,26.43,10.0,78.53,78.84,90.45
1.0,0.0,middle,4.85,9.17,7.3,78.34,126.41,57.5
0.0,0.0,middle,34.71,49.58,20.4,86.86,121.81,81.5
1.0,0.0,top,30.68,40.49,17.1,84.65,45.37,61.78
0.0,1.0,bottom,78.09,124.13,13.6,80.86,67.02,64.17
1.0,1.0,top,27.5,36.04,10.5,79.92,46.43,65.09
1.0,1.0,top,29.44,37.75,10.3,81.85,97.57,71.41
1.0,1.0,bottom,118.82,90.18,6.3,75.49,46.91,61.6
0.0,0.0,bottom,105.68,95.04,17.8,78.15,27.6,48.5
0.0,0.0,bottom,107.35,92.17,12.4,79.67,104.59,40.01
1.0,0.0,top,30.14,14.69,6.7,83.02,99.47,58.02
0.0,0.0,bottom,88.16,141.46,5.2,80.51,45.34,50.74
1.0,0.0,bottom,85.32,76.54,10.7,84.44,87.8,62.54
1.0,0.0,top,20.45,25.01,9.1,83.53,20.26,43.27
0.0,1.0,top,26.58,31.34,11.7,79.12,67.66,57.39
0.0,1.0,bottom,89.08,164.02,12.2,81.4,120.36,60.1
0.0,1.0,middle,40.87,39.57,10.1,86.88,107.91,100.24
1.0,0.0,bottom,112.65,80.71,14.7,77.16,63.46,54.49
1.0,1.0,middle,28.62,48.14,10.7,78.6,81.62,98.74
0.0,0.0,top,21.79,20.4,8.1,78.81,123.29,33.84
1.0,0.0,bottom,112.49,46.58,17.9,85.58,98.6,53.76
0.0,1.0,bottom,101.63,113.56,20.5,77.77,99.41,61.53
0.0,0.0,middle,14.37,24.18,14.1,76.75,27.56,61.39
1.0,0.0,top,31.16,50.13,15.0,78.67,73.4,56.54
0.0,0.0,bottom,99.1,124.11,18.8,78.25,45.03,47.79
0.0,1.0,top,33.6,21.99,12.4,85.51,76.54,64.47
0.0,1.0,bottom,115.38,117.52,15.4,76.2,45.66,58.85
1.0,0.0,bottom,65.59,96.05,18.1,80.93,128.85,57.2
1.0,0.0,top,37.34,34.9,4.4,77.6,20.52,59.65
1.0,1.0,top,21.02,35.75,14.0,82.75,44.63,58.04
0.0,0.0,top,24.42,35.77,19.1,85.34,121.18,41.94
0.0,0.0,top,33.94,39.28,12.0,81.6,103.3,47.19
1.0,0.0,middle,21.38,14.1,18.7,84.96,76.5,80.39
1.0,0.0,bottom,96.03,111.34,16.0,78.32,90.61,57.72
1.0,1.0,bottom,89.66,85.91,18.7,78.94,71.57,80.2
1.0,0.0,middle,53.06,46.63,7.2,81.71,51.84,100.31
1.0,0.0,bottom,72.35,117.53,17.2,76.91,122.14,61.39
0.0,1.0,bottom,99.36,118.85,10.2,81.31,101.51,65.89
1.0,0.0,top,38.33,28.93,4.6,78.25,77.75,65.19
1.0,0.0,bottom,109.22,116.63,19.4,79.08,103.25,58.21
0.0,1.0,top,32.84,25.63,16.1,78.11,126.23,59.46
1.0,0.0,top,33.89,23.94,9.8,76.58,40.37,59.7
1.0,0.0,middle,42.08,51.66,21.4,78.29,75.74,92.75
1.0,1.0,bottom,97.1,139.82,6.8,81.83,76.78,75.68
1.0,0.0,top,41.93,11.39,15.3,83.28,117.63,66.84
1.0,1.0,top,37.38,39.6,17.2,76.75,81.64,80.57
1.0,1.0,middle,44.44,52.65,14.4,80.23,61.14,110.06
1.0,0.0,top,42.69,45.53,6.7,70.39,72.74,60.9
1.0,0.0,middle,47.22,36.46,7.9,81.01,28.5,96.61
0.0,0.0,middle,34.18,23.16,9.2,78.66,122.6,81.78
1.0,0.0,top,33.84,35.77,5.0,78.07,32.17,61.9
1.0,0.0,bottom,116.9,69.38,17.9,80.47,98.43,51.37
1.0,1.0,top,22.58,18.28,12.5,77.78,44.25,63.85
1.0,0.0,top,23.05,26.93,19.2,82.96,106.69,52.45
0.0,0.0,middle,38.26,52.2,14.9,78.39,121.72,85.01
0.0,0.0,bottom,76.6,100.95,13.6,81.52,79.5,49.51
0.0,0.0,middle,17.0,25.07,13.7,78.33,102.08,63.86
1.0,0.0,middle,75.85,46.27,21.0,79.07,83.89,104.69
1.0,0.0,top,30.76,28.07,15.1,75.52,127.88,52.99
0.0,0.0,bottom,98.03,100.46,18.0,82.54,79.36,48.61
0.0,0.0,middle,19.9,81.33,18.5,80.49,67.9,62.58
1.0,0.0,bottom,99.7,58.48,15.2,81.46,59.56,62.09
0.0,1.0,bottom,96.67,111.94,16.5,83.92,91.65,64.05
1.0,0.0,bottom,84.61,107.87,13.9,84.66,22.56,61.96
1.0,0.0,top,27.68,41.44,7.1,81.82,88.2,52.88
1.0,0.0,bottom,104.43,92.87,7.5,78.71,127.63,56.62
0.0,1.0,middle,26.5,86.51,4.6,79.55,58.49,86.06
0.0,0.0,bottom,88.11,112.92,19.3,82.95,30.09,53.13
0.0,1.0,top,41.0,26.38,14.6,83.39,106.49,70.23
1.0,0.0,top,33.93,30.24,17.0,76.48,47.8,58.76
1.0,0.0,top,14.68,32.48,5.2,78.26,122.89,35.76
0.0,0.0,top,25.78,23.55,20.3,77.1,91.22,37.57
1.0,0.0,middle,49.71,26.82,5.5,78.22,81.16,98.38
1.0,0.0,middle,47.65,17.14,4.5,75.78,46.4,101.17
1.0,0.0,top,45.86,28.58,5.5,79.53,30.59,65.49
1.0,1.0,top,29.96,35.85,6.6,83.83,112.48,69.91
0.0,1.0,top,29.09,37.94,16.8,81.47,83.03,58.72
1.0,1.0,bottom,132.27,77.21,20.0,83.28,116.81,53.23
1.0,0.0,middle,26.37,37.36,8.9,80.29,62.46,84.6
1.0,0.0,middle,39.41,8.03,12.5,88.1,110.87,91.92
0.0,1.0,bottom,86.0,94.78,7.7,81.29,23.6,68.64
0.0,1.0,bottom,101.65,78.22,18.2,79.43,70.67,63.07
0.0,0.0,top,42.47,40.77,11.5,72.97,88.86,53.95
1.0,0.0,top,31.9,26.44,11.8,79.82,114.64,53.4
0.0,0.0,middle,34.02,22.54,5.9,72.02,71.76,78.29
1.0,0.0,top,33.0,24.72,11.7,82.14,63.01,57.38
0.0,0.0,bottom,82.3,107.24,20.7,79.35,97.22,49.5
1.0,0.0,middle,37.38,43.9,5.2,77.66,109.44,88.34
1.0,1.0,middle,40.74,48.88,8.4,76.95,81.25,110.12
1.0,1.0,top,35.89,22.52,13.6,86.19,52.93,73.06
1.0,0.0,bottom,115.37,60.75,7.1,81.87,82.37,46.38
1.0,0.0,bottom,76.4,106.53,8.4,68.54,106.82,60.89
1.0,1.0,middle,56.08,57.61,19.6,85.32,55.28,116.22
0.0,0.0,bottom,102.67,121.34,9.8,81.46,117.31,49.84
1.0,0.0,bottom,85.32,135.11,6.9,83.04,40.23,61.76
0.0,1.0,top,22.56,41.27,5.2,83.02,59.98,55.08
1.0,1.0,middle,24.7,62.37,4.4,80.41,92.53,96.58
0.0,0.0,middle,41.85,19.99,19.9,82.24,96.18,84.53
0.0,0.0,bottom,83.82,72.46,11.0,78.85,83.95,52.55
1.0,1.0,top,30.47,36.29,8.6,81.14,78.41,72.07
1.0,0.0,top,20.8,41.12,13.8,85.14,64.6,43.27
0.0,0.0,bottom,108.26,97.8,16.0,76.55,87.94,37.39
1.0,1.0,top,13.63,47.49,15.1,80.75,57.91,52.88
0.0,0.0,middle,62.8,45.13,16.5,77.33,59.1,90.06
0.0,0.0,middle,42.71,29.61,8.3,81.27,122.06,77.92
1.0,1.0,middle,56.22,35.95,9.3,77.46,56.26,110.46
0.0,0.0,middle,13.65,27.67,13.4,78.48,22.77,60.51
1.0,0.0,bottom,86.31,112.26,14.0,83.32,93.23,58.84
1.0,0.0,middle,64.62,14.75,17.2,77.7,96.47,101.38
1.0,0.0,bottom,88.99,104.1,15.0,82.24,76.35,60.59
1.0,0.0,top,29.55,28.44,11.1,79.61,109.78,57.5
1.0,0.0,bottom,104.64,84.62,14.3,87.05,55.38,59.13
0.0,0.0,bottom,74.61,87.54,14.3,87.06,39.01,49.8
1.0,0.0,top,22.29,28.68,17.1,76.92,87.39,44.13
1.0,1.0,bottom,108.81,108.55,7.1,80.49,123.63,70.27
1.0,1.0,top,30.4,39.95,5.8,82.13,74.76,72.38
1.0,0.0,middle,25.21,44.35,16.0,82.44,92.48,80.09
1.0,1.0,bottom,109.72,123.64,5.3,81.95,42.22,71.58
1.0,0.0,middle,47.9,28.21,14.6,78.06,92.09,95.98
1.0,0.0,top,31.95,34.31,18.6,80.97,54.16,56.92
0.0,0.0,middle,44.85,47.35,13.3,76.77,67.33,81.58
1.0,0.0,top,38.68,37.62,20.8,84.77,76.16,59.92
0.0,0.0,top,29.29,45.73,17.2,74.0,114.63,42.32
0.0,0.0,middle,51.58,57.61,17.6,77.61,66.95,82.31
1.0,1.0,middle,32.55,85.72,8.5,78.85,28.54,108.52
1.0,0.0,middle,30.87,-10.1,11.3,83.92,87.93,87.3
0.0,1.0,bottom,96.89,81.2,20.7,84.77,109.42,64.92
0.0,1.0,bottom,94.04,92.62,7.4,76.11,107.34,63.42
0.0,0.0,middle,16.15,66.4,8.8,76.96,54.29,64.12
0.0,0.0,top,36.93,34.35,6.5,78.79,113.63,46.41
0.0,0.0,top,29.08,21.06,17.6,75.48,25.19,49.8
0.0,0.0,bottom,102.0,92.87,10.2,80.76,61.12,47.62
1.0,0.0,bottom,97.84,114.71,21.5,77.04,55.94,62.12
0.0,0.0,bottom,104.1,84.69,10.2,80.43,128.1,46.14
1.0,0.0,bottom,104.33,101.68,4.5,83.35,94.6,55.27
1.0,0.0,middle,24.31,46.63,14.4,76.14,98.68,84.35
0.0,0.0,bottom,86.06,92.75,14.3,74.19,30.53,51.43
1.0,0.0,bottom,117.3,64.44,10.5,77.28,125.33,49.86
0.0,1.0,middle,43.48,25.36,16.3,80.86,83.01,94.39
1.0,0.0,top,29.46,42.02,19.1,75.21,117.57,58.55
0.0,0.0,bottom,105.0,109.87,19.9,77.42,81.71,47.98
1.0,0.0,middle,39.14,4.8,12.8,79.89,36.12,93.36
1.0,1.0,bottom,95.76,117.51,4.1,79.77,99.76,73.85
1.0,1.0,middle,35.83,14.29,18.7,80.61,52.63,105.76
1.0,0.0,middle,33.71,54.81,21.3,84.65,58.14,90.26
1.0,0.0,middle,34.81,60.3,17.9,73.72,101.99,87.4
1.0,1.0,top,44.89,32.24,9.0,78.32,46.5,82.18
1.0,0.0,bottom,101.87,58.75,9.4,83.69,46.78,58.34
0.0,0.0,bottom,97.69,100.08,8.6,81.26,52.81,52.01
1.0,0.0,middle,42.42,77.6,13.7,75.17,92.74,92.88
1.0,0.0,middle,37.78,24.19,10.2,76.79,106.8,86.51
0.0,0.0,middle,28.81,35.38,20.2,81.37,90.46,73.51
0.0,0.0,middle,42.35,52.08,16.4,87.87,74.67,77.16
1.0,0.0,middle,37.92,20.46,19.0,81.3,36.74,93.97
1.0,0.0,middle,49.3,31.8,13.3,86.47,58.64,91.34
1.0,1.0,middle,45.05,42.48,10.1,79.26,64.88,111.71
0.0,0.0,bottom,99.03,82.25,13.3,82.64,43.13,47.98
0.0,0.0,middle,37.28,36.72,18.0,88.68,42.75,79.4
0.0,0.0,bottom,89.3,114.82,14.4,78.84,69.45,49.22
1.0,0.0,top,29.11,31.04,18.4,81.54,128.91,55.22
1.0,1.0,bottom,103.58,133.33,10.6,78.31,37.55,78.96
0.0,0.0,top,25.77,15.23,19.9,78.07,98.82,38.4
0.0,0.0,top,29.26,21.48,20.6,74.79,64.75,49.43
1.0,0.0,middle,37.18,21.2,11.4,85.32,94.29,89.47
0.0,0.0,middle,55.03,52.0,19.6,80.23,63.45,91.88
0.0,0.0,top,28.6,39.85,6.5,83.69,104.11,44.43
0.0,1.0,top,22.36,38.8,14.6,83.46,37.35,53.3
1.0,1.0,middle,53.88,56.68,21.3,78.88,40.81,115.62
1.0,0.0,bottom,118.35,94.12,7.7,79.23,113.38,51.54
0.0,0.0,top,37.7,21.2,7.6,78.08,87.81,48.63
1.0,1.0,bottom,103.14,112.79,18.1,77.55,76.46,75.61
0.0,1.0,bottom,108.64,100.05,20.2,82.48,106.48,62.17
1.0,1.0,top,32.16,18.73,13.7,80.22,30.98,71.69
1.0,0.0,middle,75.95,26.63,10.2,77.63,103.75,106.72
0.0,0.0,bottom,87.75,107.71,20.9,75.13,69.02,55.32
1.0,0.0,bottom,98.2,110.39,8.0,83.19,107.36,58.23
1.0,0.0,middle,26.55,38.28,19.4,80.55,58.83,85.32
0.0,0.0,middle,29.32,28.06,18.8,86.64,27.38,71.91
1.0,0.0,middle,60.22,60.77,21.8,76.43,46.21,100.12
0.0,0.0,bottom,96.88,111.29,15.4,79.65,50.3,45.37
1.0,0.0,middle,7.66,56.92,21.2,79.96,77.75,59.78
0.0,1.0,top,29.24,28.51,9.7,79.74,61.97,55.29
0.0,1.0,top,16.67,31.1,16.2,79.83,74.48,50.66
1.0,1.0,bottom,86.4,103.68,14.0,72.09,69.49,74.37
1.0,0.0,bottom,95.78,87.04,4.7,76.51,52.93,61.09
0.0,0.0,top,38.88,31.67,4.9,82.2,84.96,52.7
1.0,0.0,middle,25.09,10.05,15.9,78.26,26.96,74.91
0.0,0.0,middle,43.29,26.82,19.7,77.45,117.97,91.58
1.0,0.0,top,17.84,27.95,5.6,80.77,94.7,42.21
0.0,0.0,bottom,84.48,72.97,8.2,76.39,54.76,51.37
1.0,0.0,bottom,115.62,97.39,17.8,76.08,83.99,52.81
1.0,0.0,bottom,97.1,105.0,19.8,84.33,67.83,57.72
1.0,0.0,bottom,69.29,139.86,18.2,74.63,92.82,55.59
0.0,0.0,bottom,76.63,77.99,18.8,81.6,28.33,49.84
0.0,0.0,top,39.58,15.91,11.9,77.76,98.93,52.23
0.0,0.0,bottom,112.29,75.13,17.6,81.93,38.31,44.82
0.0,0.0,top,25.34,34.52,6.4,71.57,70.56,40.49
1.0,0.0,middle,42.11,6.09,10.0,76.36,31.05,95.03
1.0,0.0,top,28.77,21.17,15.2,81.01,47.47,50.96
1.0,1.0,bottom,103.12,58.63,6.1,79.01,62.98,70.4
1.0,0.0,bottom,117.81,50.06,17.6,77.4,97.13,50.72
1.0,0.0,middle,18.18,29.79,7.0,78.6,121.04,77.76
0.0,0.0,top,28.96,28.11,6.8,81.59,61.54,40.11
0.0,0.0,middle,67.48,66.02,19.7,79.46,68.28,93.51
0.0,1.0,top,34.09,31.57,9.4,84.87,49.77,62.85
0.0,1.0,top,20.99,34.98,21.2,79.46,81.75,47.57
0.0,0.0,bottom,103.33,109.36,6.5,79.82,39.26,48.57
0.0,1.0,top,21.78,41.29,19.3,81.79,104.65,54.02
1.0,0.0,bottom,100.0,92.48,10.6,80.4,29.41,59.26
1.0,0.0,middle,69.09,40.9,15.3,80.19,102.98,99.45
1.0,0.0,bottom,84.57,85.13,17.8,81.74,40.58,56.92
0.0,1.0,middle,63.65,49.99,19.7,72.67,40.42,109.92
1.0,0.0,top,38.23,26.89,6.3,78.03,100.67,61.14
1.0,0.0,middle,56.91,65.03,11.2,81.15,122.89,104.05
1.0,0.0,middle,17.56,57.04,15.6,78.91,105.86,76.39
0.0,1.0,top,35.12,41.5,4.9,74.61,65.76,56.08
1.0,1.0,bottom,103.12,93.78,8.0,81.75,98.3,72.06
0.0,0.0,bottom,94.35,115.96,5.1,79.09,55.91,47.06
1.0,0.0,middle,63.1,24.98,5.6,80.89,33.9,96.87
1.0,0.0,bottom,86.92,83.84,20.7,79.58,51.88,60.27
1.0,1.0,bottom,73.33,86.8,12.2,79.87,34.06,74.86
1.0,0.0,top,29.59,33.69,6.3,80.23,77.02,53.56
1.0,0.0,top,28.27,26.55,15.2,79.82,118.16,55.11
1.0,0.0,middle,38.27,31.29,15.8,75.99,45.4,83.3
1.0,0.0,middle,24.95,51.77,19.2,77.09,61.45,76.66
0.0,0.0,top,32.92,24.43,4.3,82.71,74.29,53.35
1.0,1.0,top,38.85,26.15,12.0,75.44,107.25,73.84
1.0,1.0,top,47.77,36.17,13.7,78.05,91.27,79.09
1.0,0.0,bottom,87.25,115.76,4.4,75.89,83.64,57.11
1.0,0.0,bottom,102.01,121.32,4.5,75.42,50.95,58.04
1.0,1.0,bottom,91.02,72.04,16.7,76.6,65.2,74.82
0.0,0.0,bottom,119.5,68.58,13.3,81.31,46.53,36.62
1.0,0.0,middle,45.34,52.85,10.9,77.89,99.91,92.75
0.0,0.0,top,21.96,46.09,14.2,82.79,64.44,39.59
0.0,1.0,top,24.74,30.52,13.7,79.31,47.72,54.12
0.0,0.0,top,20.24,19.21,19.7,81.3,106.32,35.29
1.0,0.0,bottom,100.56,94.65,9.0,73.58,87.55,60.75
0.0,0.0,bottom,89.51,124.85,12.7,81.24,104.37,56.62
1.0,1.0,middle,51.57,39.48,17.7,75.88,118.35,112.29
0.0,0.0,middle,24.6,11.88,9.1,78.61,84.41,71.71
1.0,0.0,middle,16.55,56.41,5.1,86.58,68.64,71.83
1.0,0.0,middle,35.92,43.47,5.5,81.23,57.43,82.75
0.0,1.0,top,38.69,38.02,8.2,79.69,23.85,71.23
1.0,0.0,middle,49.66,51.32,5.5,77.99,85.66,99.84
1.0,0.0,bottom,111.15,107.1,11.5,79.89,100.88,58.43
1.0,0.0,bottom,90.25,129.82,4.4,77.08,23.88,60.66
0.0,0.0,bottom,109.55,75.83,8.8,81.36,126.76,42.63
1.0,0.0,bottom,138.07,103.59,5.7,79.21,29.96,36.37
1.0,1.0,middle,36.91,17.52,8.2,77.86,107.62,103.46
0.0,0.0,middle,44.48,48.7,17.3,79.19,78.78,82.36
0.0,1.0,bottom,79.16,93.88,6.9,84.12,62.41,65.41
1.0,0.0,bottom,78.8,99.93,11.3,75.42,94.86,58.47
1.0,0.0,top,47.5,30.41,13.1,78.79,40.84,65.64
1.0,0.0,top,35.86,41.04,5.1,82.81,106.78,54.77
1.0,0.0,middle,57.56,41.0,9.0,80.0,43.53,99.32
1.0,0.0,bottom,77.7,111.13,18.9,79.44,87.31,57.07
0.0,1.0,bottom,108.23,143.38,11.6,81.22,39.23,58.28
1.0,0.0,middle,35.57,36.53,17.0,82.25,93.43,90.77
1.0,0.0,top,16.22,42.96,12.0,80.01,123.69,41.04
1.0,0.0,middle,51.04,30.94,10.7,78.4,41.72,99.43
1.0,1.0,top,18.02,39.39,18.0,81.97,27.83,59.3
0.0,1.0,middle,32.29,71.16,9.9,79.75,101.34,89.8
1.0,0.0,bottom,99.01,77.85,10.1,76.92,108.12,57.22
1.0,1.0,top,39.16,16.76,21.2,83.16,117.01,75.44
1.0,0.0,middle,60.37,52.58,21.5,77.45,75.97,100.52
0.0,0.0,bottom,82.33,103.22,10.2,82.07,59.12,47.24
1.0,1.0,bottom,113.68,124.52,15.5,79.17,115.45,69.2
1.0,0.0,bottom,83.22,138.97,9.2,82.64,99.78,61.46
1.0,1.0,bottom,109.98,93.01,21.9,84.93,27.98,70.79
1.0,0.0,top,16.76,42.06,20.0,75.64,48.98,44.43
0.0,1.0,bottom,128.01,99.48,21.2,74.07,107.74,50.74
0.0,0.0,top,32.52,30.41,11.3,81.99,25.92,46.29
1.0,0.0,middle,33.1,50.95,11.2,84.25,28.75,86.3
1.0,0.0,bottom,89.65,101.81,5.4,77.81,97.04,65.08
1.0,0.0,top,35.67,27.34,10.0,82.9,123.98,62.15
1.0,0.0,middle,43.48,28.1,6.3,80.54,126.09,95.17
1.0,0.0,bottom,77.46,75.72,21.5,78.0,53.84,59.17
1.0,0.0,top,27.83,19.79,4.9,81.5,51.66,51.01
1.0,1.0,middle,43.67,47.07,10.1,82.15,37.61,98.94
1.0,0.0,top,37.89,39.72,18.7,83.15,97.7,60.24
0.0,1.0,middle,25.07,64.91,5.1,82.55,125.66,87.43
1.0,0.0,bottom,99.31,102.64,21.2,82.17,75.33,57.5
0.0,0.0,top,38.67,32.21,6.5,76.27,105.89,53.16
1.0,0.0,bottom,99.04,133.89,14.2,83.23,97.65,59.77
1.0,0.0,bottom,100.27,108.39,4.4,79.28,116.63,62.84
0.0,1.0,middle,47.67,75.73,6.5,80.22,78.38,104.4
1.0,0.0,bottom,98.04,117.18,19.8,79.73,90.92,55.0
0.0,0.0,bottom,87.93,132.85,22.0,79.04,103.07,52.5
1.0,1.0,middle,18.77,40.23,6.6,81.42,38.97,87.2
0.0,0.0,top,47.69,22.79,10.3,80.1,21.68,49.46
0.0,0.0,middle,9.33,44.28,13.3,84.85,58.36,54.6
1.0,0.0,middle,45.69,31.72,21.1,80.93,98.49,96.77
1.0,1.0,middle,18.0,57.39,12.1,79.54,62.82,88.52
0.0,0.0,bottom,87.99,103.46,21.3,86.82,30.6,50.43
1.0,0.0,bottom,96.46,102.44,4.9,81.36,29.56,62.91
0.0,1.0,middle,20.9,-1.06,4.4,85.13,63.09,81.22
0.0,1.0,bottom,92.34,59.81,12.9,73.39,118.23,58.87
0.0,1.0,bottom,78.19,64.47,13.0,74.33,107.64,66.35
0.0,0.0,middle,36.44,51.19,6.8,78.36,100.18,73.71
1.0,0.0,bottom,109.15,91.61,6.6,81.83,80.41,54.63
0.0,0.0,top,28.02,27.27,16.6,82.85,21.92,42.47
1.0,1.0,middle,43.71,48.0,10.3,77.44,50.4,109.2
0.0,0.0,top,25.87,40.58,18.3,82.1,77.85,40.83
0.0,0.0,middle,43.9,12.08,10.7,81.48,97.07,84.1
1.0,1.0,bottom,96.0,118.41,15.5,86.28,91.1,75.31
1.0,0.0,middle,33.76,43.22,18.4,83.81,102.62,86.33
1.0,0.0,middle,28.46,65.75,18.2,81.83,114.34,81.48
1.0,1.0,bottom,116.78,49.38,20.6,81.52,121.01,66.9
0.0,1.0,middle,66.28,35.27,8.8,83.39,113.69,113.31
0.0,1.0,middle,34.49,79.81,19.7,73.96,123.96,94.83
1.0,0.0,bottom,87.8,119.96,7.7,75.18,106.87,61.92
1.0,1.0,top,23.98,19.64,17.6,74.64,57.75,64.19
1.0,0.0,top,49.68,33.58,9.0,80.89,81.16,66.75
0.0,0.0,bottom,90.36,123.09,16.6,84.16,103.26,46.5
0.0,0.0,middle,43.64,43.72,16.0,81.95,58.55,86.24
1.0,0.0,bottom,123.11,92.54,11.0,81.32,84.21,49.46
1.0,0.0,top,27.4,8.58,10.9,73.12,109.33,48.79
1.0,0.0,top,37.19,35.65,10.7,76.08,104.4,57.85
1.0,1.0,top,39.59,37.18,18.8,78.92,20.39,69.93
0.0,0.0,middle,50.16,33.96,11.0,79.92,120.08,88.56
1.0,0.0,top,32.02,34.1,8.6,76.55,37.15,51.54
1.0,1.0,middle,34.08,47.93,11.0,82.67,40.85,108.05
1.0,0.0,bottom,109.57,119.07,20.3,78.64,101.16,62.29
1.0,0.0,middle,34.52,16.2,12.3,83.8,71.41,84.24
1.0,1.0,top,36.69,27.44,16.7,80.66,36.57,75.9
1.0,0.0,top,54.7,32.98,15.9,80.86,34.52,68.53
1.0,0.0,top,18.16,18.66,13.2,84.81,128.48,41.91
0.0,0.0,middle,45.71,42.13,20.4,82.05,118.47,83.45
1.0,0.0,top,35.16,32.77,9.7,80.97,41.87,59.71
1.0,0.0,middle,44.54,36.63,20.7,83.04,103.59,96.61
0.0,0.0,top,26.92,29.29,15.5,79.22,40.64,44.17
1.0,1.0,middle,34.87,2.41,21.5,80.06,103.34,102.39
0.0,0.0,top,31.29,35.22,14.8,81.88,70.76,47.08
0.0,1.0,bottom,89.04,90.35,12.5,72.37,30.8,62.42
0.0,0.0,bottom,108.54,85.75,12.2,81.17,120.99,48.17
1.0,1.0,top,38.93,30.98,7.2,76.99,105.57,72.11
1.0,0.0,top,31.98,31.88,5.3,79.95,43.07,58.85
0.0,0.0,bottom,73.74,89.16,12.0,84.5,104.57,52.27
0.0,0.0,middle,44.59,36.02,20.2,83.45,118.87,88.84
0.0,0.0,middle,52.42,41.51,16.5,80.44,79.85,88.96
0.0,0.0,top,33.33,35.64,9.2,78.78,48.87,46.71
1.0,1.0,bottom,96.54,65.46,14.5,74.51,109.03,72.99
1.0,0.0,middle,31.68,52.62,21.9,84.78,122.0,87.11
0.0,0.0,middle,48.19,49.34,18.4,80.52,25.87,86.75
1.0,1.0,middle,35.65,30.32,14.3,78.07,55.26,105.53
1.0,1.0,top,28.37,25.5,21.1,77.29,26.16,65.28
1.0,0.0,middle,32.76,40.56,17.6,81.55,39.66,86.5
1.0,0.0,bottom,80.24,64.8,17.5,78.51,93.41,63.14
1.0,0.0,top,29.64,37.82,4.7,84.02,93.03,55.35
1.0,0.0,bottom,98.65,57.59,6.2,80.61,80.73,62.45
0.0,0.0,middle,33.64,52.39,13.2,80.38,34.58,67.57
1.0,0.0,middle,66.84,31.36,6.0,76.99,124.53,104.14
1.0,1.0,middle,42.42,53.28,11.2,80.06,101.99,109.91
0.0,0.0,top,35.9,33.69,9.0,83.14,36.8,47.7
1.0,0.0,middle,61.87,36.88,16.1,82.51,105.75,102.48
0.0,0.0,top,28.69,35.73,5.9,77.84,79.87,37.64
1.0,0.0,middle,34.04,7.01,5.6,84.0,73.13,84.34
0.0,1.0,bottom,125.24,92.65,7.2,81.36,124.2,52.31
1.0,0.0,bottom,99.26,80.84,10.0,75.5,70.47,61.55
1.0,0.0,middle,45.1,23.94,10.0,78.86,71.06,93.28
0.0,0.0,middle,25.98,37.96,6.1,78.36,129.03,67.01
0.0,0.0,middle,43.75,-33.77,19.6,75.9,105.39,85.81
1.0,1.0,bottom,96.06,89.35,17.6,77.59,45.93,71.22
0.0,1.0,bottom,118.85,89.85,15.9,82.9,128.74,52.92
1.0,0.0,bottom,100.73,139.48,17.1,76.03,76.59,57.69
0.0,0.0,top,38.15,32.66,21.2,83.81,116.3,51.64
1.0,0.0,top,29.08,27.96,6.3,81.24,88.35,55.19
0.0,0.0,bottom,121.28,102.81,11.6,80.73,39.21,37.38
0.0,0.0,top,30.93,39.38,19.7,75.18,23.45,50.44
1.0,0.0,bottom,115.31,93.36,8.0,77.99,25.99,48.33
1.0,0.0,top,26.87,30.53,18.3,82.65,29.68,51.44
1.0,0.0,bottom,100.59,72.3,8.2,85.06,124.23,58.19
1.0,0.0,bottom,103.86,44.8,17.2,76.22,66.32,57.24
1.0,0.0,top,26.08,29.36,4.2,79.68,64.14,48.55
1.0,0.0,bottom,90.32,96.9,16.0,87.88,46.8,57.46
0.0,0.0,middle,42.79,47.96,20.8,81.6,90.6,81.27
0.0,0.0,bottom,95.84,96.79,8.8,87.25,58.23,51.35
1.0,0.0,top,34.5,34.53,20.1,80.27,25.01,52.67
0.0,0.0,bottom,110.32,135.32,8.7,83.51,23.14,45.96
0.0,0.0,bottom,98.55,109.78,18.3,80.57,38.97,47.0
1.0,1.0,top,39.56,22.79,9.5,79.93,42.35,75.88
0.0,1.0,middle,66.51,23.08,9.3,82.07,53.21,112.15
1.0,0.0,middle,32.15,32.24,17.6,78.17,83.15,83.15
1.0,0.0,bottom,96.64,54.18,15.2,71.95,39.77,56.49
1.0,0.0,middle,43.45,65.4,10.6,84.24,27.96,89.94
1.0,0.0,middle,39.85,54.37,21.5,78.58,117.35,89.84
1.0,0.0,middle,43.96,30.48,18.4,77.49,53.95,93.69
0.0,0.0,middle,50.74,24.21,7.2,81.58,32.67,84.44
0.0,1.0,middle,40.59,21.85,8.9,79.71,69.56,98.82
1.0,0.0,bottom,78.54,110.15,6.9,75.74,108.91,61.15
1.0,0.0,top,25.3,36.74,14.6,82.0,109.89,47.21
0.0,0.0,bottom,93.08,103.55,16.5,82.43,116.23,54.11
1.0,0.0,bottom,112.43,97.43,20.3,79.19,81.39,54.07
1.0,1.0,middle,41.98,-9.38,11.8,81.5,68.92,105.37
0.0,0.0,middle,12.64,45.93,20.6,83.4,100.96,57.32
1.0,1.0,middle,41.81,7.24,11.3,78.02,97.11,102.56
0.0,0.0,bottom,115.67,77.51,15.8,84.8,53.6,45.95
0.0,0.0,middle,34.96,27.38,15.9,79.25,55.8,74.55
1.0,0.0,bottom,99.09,123.0,13.8,77.47,122.88,54.35
0.0,0.0,bottom,109.49,83.9,14.5,81.15,86.21,45.05
1.0,0.0,top,34.84,16.02,9.8,77.65,111.7,58.74
1.0,1.0,top,41.7,27.02,17.6,83.18,45.55,83.91
1.0,0.0,top,22.99,34.4,19.7,82.42,112.88,47.63
1.0,0.0,bottom,87.88,107.19,21.7,82.29,75.29,58.06
1.0,0.0,top,33.19,22.47,4.2,80.84,61.75,58.71
1.0,0.0,bottom,125.47,134.61,13.6,77.39,29.87,43.53
1.0,0.0,bottom,103.84,82.26,13.4,77.83,55.62,58.64
1.0,0.0,bottom,88.59,160.99,13.6,79.38,73.97,57.64
1.0,1.0,top,41.43,38.7,19.8,81.34,55.49,75.99
1.0,0.0,bottom,92.81,88.18,8.1,80.67,119.17,62.83
0.0,1.0,top,35.66,21.15,13.8,74.94,97.55,64.61
1.0,1.0,middle,42.25,43.54,10.9,81.56,36.33,107.1
1.0,0.0,middle,36.57,71.71,15.8,75.69,65.66,85.74
1.0,1.0,middle,28.54,20.0,4.8,79.51,20.9,100.87
1.0,0.0,middle,22.25,71.98,6.0,77.44,108.31,76.21
0.0,1.0,middle,34.95,42.18,14.6,78.96,89.42,97.67
1.0,1.0,bottom,96.26,132.67,7.7,76.13,123.52,75.86
1.0,1.0,bottom,100.04,84.49,21.4,84.5,33.55,72.15
0.0,0.0,top,26.68,29.68,19.8,83.71,36.84,43.7
0.0,0.0,bottom,89.94,137.67,7.4,75.3,52.19,52.29
1.0,0.0,middle,25.87,29.26,13.8,82.11,91.0,81.64
0.0,1.0,bottom,109.13,107.21,6.9,78.08,112.27,54.87
0.0,0.0,middle,55.56,50.89,18.5,75.33,115.38,88.62
0.0,1.0,middle,30.99,34.15,17.0,84.33,98.46,88.22
1.0,0.0,top,34.64,31.48,9.8,79.38,20.18,58.4
1.0,0.0,middle,41.44,96.12,11.4,78.44,124.78,96.73
0.0,1.0,top,34.31,8.4,13.9,79.87,115.47,65.04
1.0,0.0,top,19.15,26.23,13.6,76.51,48.73,40.04
1.0,0.0,middle,30.92,9.54,4.9,78.09,58.1,81.04
0.0,0.0,middle,27.58,28.0,5.4,80.25,114.35,70.81
0.0,0.0,top,24.8,42.63,7.7,83.28,20.5,34.81
1.0,0.0,top,38.52,29.32,21.1,81.44,44.18,57.47
1.0,0.0,middle,54.65,2.5,12.7,79.58,53.84,95.21
1.0,1.0,top,19.86,33.81,15.5,83.59,43.93,59.36
1.0,1.0,bottom,103.14,91.87,14.4,80.95,119.66,73.71
0.0,0.0,bottom,116.06,109.41,5.9,77.11,30.87,45.21
1.0,0.0,top,42.42,34.56,19.6,79.95,82.89,57.88
1.0,0.0,middle,44.58,52.59,18.0,78.23,61.55,97.69
0.0,0.0,middle,62.21,9.12,12.3,86.38,106.78,87.98
1.0,0.0,middle,41.77,55.61,20.2,81.32,56.18,91.99
1.0,0.0,top,16.48,31.31,8.6,78.37,21.23,41.87
1.0,0.0,middle,31.23,30.65,21.6,82.67,98.97,84.72
1.0,1.0,middle,23.0,33.46,21.9,74.56,74.8,92.58
0.0,0.0,top,29.97,19.63,13.3,80.18,82.38,42.18
1.0,1.0,top,17.11,30.34,20.3,77.64,77.4,57.77
1.0,1.0,top,40.01,40.15,11.1,75.7,105.48,75.47
1.0,0.0,middle,30.96,29.35,5.5,80.74,43.5,81.77
0.0,0.0,bottom,100.37,81.65,11.6,80.41,44.37,50.08
1.0,1.0,middle,43.99,69.27,7.4,79.84,80.99,111.32
1.0,1.0,bottom,116.04,120.57,13.5,82.6,26.11,65.85
0.0,1.0,top,39.97,20.39,16.2,82.3,79.4,64.36
1.0,0.0,top,25.55,24.45,21.8,76.67,66.57,44.29
1.0,1.0,middle,27.38,63.86,7.4,85.3,100.45,96.47
0.0,0.0,middle,72.75,83.05,16.8,79.12,97.55,97.28
0.0,0.0,bottom,121.15,99.92,4.6,81.91,91.95,36.64
1.0,1.0,bottom,104.01,81.91,20.7,81.41,42.21,71.49
1.0,0.0,middle,63.25,42.4,16.3,78.79,65.03,101.46
0.0,0.0,bottom,88.12,74.89,8.8,78.96,20.01,46.48
1.0,0.0,top,33.44,30.11,17.1,80.34,124.13,53.03
1.0,0.0,middle,50.62,47.5,19.2,80.83,122.17,97.72
1.0,0.0,top,25.61,24.7,13.5,76.12,65.76,50.97
1.0,0.0,bottom,88.13,112.12,18.9,83.86,51.05,60.02
0.0,0.0,bottom,100.49,129.72,19.1,78.77,54.07,49.1
0.0,0.0,middle,40.25,57.69,14.7,81.35,52.99,83.49
1.0,0.0,bottom,94.7,101.46,19.6,79.74,46.39,63.22
1.0,0.0,top,14.39,32.61,16.0,78.23,62.09,36.65
0.0,0.0,middle,28.77,39.53,6.1,83.62,117.01,72.34
0.0,1.0,top,28.83,36.48,12.0,84.6,39.99,60.06
0.0,1.0,middle,23.8,18.2,19.3,80.61,23.65,90.63
1.0,0.0,middle,33.47,32.83,4.9,82.79,83.14,86.48
1.0,0.0,bottom,83.62,71.58,16.7,78.95,101.2,61.71
0.0,0.0,bottom,117.6,96.16,17.3,78.28,103.81,41.31
1.0,1.0,top,37.63,25.24,13.3,81.64,47.27,73.22
0.0,0.0,top,32.96,32.18,8.4,76.82,62.08,48.51
0.0,0.0,top,32.99,30.85,14.3,85.42,30.83,45.13
1.0,1.0,bottom,104.74,110.76,9.1,81.02,114.81,72.29
1.0,0.0,top,44.7,24.9,7.2,79.98,76.69,64.23
1.0,0.0,top,22.15,41.52,11.8,81.77,53.05,45.75
1.0,0.0,middle,52.1,38.47,14.7,74.37,98.65,98.33
0.0,1.0,bottom,96.55,131.6,15.9,76.1,128.55,65.75
0.0,1.0,bottom,107.47,93.75,13.3,86.86,30.09,60.9
1.0,0.0,bottom,84.87,131.38,9.1,77.31,89.86,58.83
0.0,0.0,bottom,59.63,99.27,10.4,82.07,50.43,42.64
1.0,1.0,middle,42.24,55.62,10.0,79.84,33.75,113.04
1.0,1.0,top,27.94,45.99,17.1,77.13,122.71,63.78
0.0,0.0,bottom,105.12,140.89,11.5,78.08,20.27,42.55
0.0,1.0,top,17.37,29.21,19.5,82.72,26.25,50.96
1.0,0.0,middle,59.05,27.87,10.7,81.06,90.1,100.76
0.0,0.0,middle,68.02,49.34,16.2,79.23,108.74,90.77
1.0,1.0,top,24.79,23.63,4.1,85.05,47.36,59.81
1.0,0.0,bottom,107.52,92.75,6.5,81.08,57.66,56.66
0.0,1.0,bottom,85.8,131.33,20.9,79.33,96.59,71.38
0.0,0.0,bottom,106.19,115.35,7.8,79.84,52.74,45.73
1.0,0.0,top,30.13,31.78,21.7,82.24,45.31,56.53
0.0,0.0,top,32.62,40.3,14.1,79.63,102.2,47.31
1.0,0.0,bottom,93.5,107.74,10.3,80.98,40.91,62.02
1.0,0.0,top,32.86,35.73,8.6,77.78,69.36,56.18
1.0,1.0,middle,27.82,-1.44,4.1,82.97,101.41,97.31
0.0,1.0,middle,41.83,46.92,12.9,77.71,63.61,95.19
0.0,0.0,bottom,93.47,102.03,21.7,76.69,95.96,47.79
1.0,0.0,middle,44.61,31.15,12.8,77.45,92.6,92.02
1.0,0.0,middle,43.04,69.76,17.7,81.53,33.58,95.08
0.0,0.0,bottom,112.7,49.92,12.1,87.54,55.75,40.63
1.0,1.0,top,22.65,45.24,5.7,80.67,46.79,61.31
1.0,0.0,bottom,89.8,103.59,19.6,81.46,30.83,63.84
0.0,0.0,bottom,90.43,87.99,12.2,81.04,129.84,47.12
1.0,1.0,middle,79.88,81.35,4.7,82.45,36.17,118.85
0.0,0.0,bottom,72.8,148.84,20.6,78.35,53.34,49.68
0.0,0.0,bottom,110.49,101.28,12.3,80.1,97.88,47.15
1.0,0.0,top,23.42,43.54,13.8,80.75,36.2,42.86
0.0,0.0,top,31.42,32.54,12.5,79.94,61.12,43.96
1.0,1.0,bottom,96.49,95.22,19.4,76.87,98.11,74.96
1.0,1.0,top,23.23,36.39,5.0,85.19,128.84,62.34
0.0,1.0,middle,73.59,27.65,16.3,81.62,42.98,108.51
1.0,0.0,bottom,110.69,134.48,15.9,80.37,109.48,53.17
0.0,0.0,top,32.02,17.11,17.8,76.86,104.92,49.44
1.0,0.0,middle,64.22,34.72,5.3,73.59,55.19,100.69
1.0,0.0,bottom,60.45,113.17,14.9,78.03,123.48,56.93
0.0,0.0,bottom,84.5,102.14,5.2,82.18,63.71,53.82
0.0,0.0,top,27.06,22.78,13.3,82.46,56.11,39.62
0.0,0.0,bottom,123.48,141.34,14.0,78.49,27.7,43.3
0.0,0.0,top,18.57,29.02,16.3,80.74,122.85,32.08
1.0,0.0,bottom,91.35,101.87,16.7,74.34,89.55,61.62
1.0,0.0,middle,26.91,21.66,16.2,76.9,42.04,83.59
1.0,0.0,middle,35.84,33.83,11.0,78.25,70.7,84.28
1.0,1.0,middle,63.65,37.22,4.8,81.74,34.91,120.06
0.0,0.0,bottom,114.38,102.29,18.5,79.24,119.55,46.67
0.0,0.0,bottom,84.76,123.23,9.5,81.26,127.48,55.46
1.0,0.0,top,39.85,28.92,7.0,79.28,58.62,62.12
1.0,1.0,top,32.93,32.97,20.0,82.41,22.16,72.63
0.0,1.0,middle,33.53,76.98,9.5,75.75,99.32,95.55
0.0,0.0,middle,32.98,24.96,7.6,80.37,122.77,76.32
1.0,0.0,top,27.4,21.82,14.5,78.17,30.31,49.15
1.0,0.0,top,35.17,24.94,20.3,76.59,59.61,54.23
1.0,0.0,top,44.12,28.11,7.7,78.14,93.32,73.82
1.0,0.0,bottom,104.14,104.59,7.0,76.77,71.87,63.21
1.0,0.0,top,32.01,38.38,13.4,74.75,117.03,58.19
1.0,0.0,top,36.18,27.39,19.2,73.07,54.77,63.6
1.0,1.0,top,42.56,29.0,9.9,76.88,56.49,79.81
1.0,0.0,bottom,86.21,88.14,19.5,81.31,27.11,62.17
1.0,1.0,middle,29.71,55.59,9.0,79.81,56.86,101.45
0.0,1.0,top,18.05,34.46,15.2,80.3,53.88,47.34
1.0,0.0,bottom,101.66,105.25,15.7,78.55,43.44,55.44
0.0,0.0,top,33.38,25.3,16.0,82.94,44.76,45.54
0.0,1.0,bottom,95.04,102.82,16.4,76.79,32.04,60.47
0.0,0.0,middle,46.75,30.67,10.1,78.39,93.44,83.17
1.0,1.0,middle,31.26,44.42,18.6,77.84,35.09,92.23
1.0,0.0,top,35.69,18.15,19.8,79.02,32.37,62.31
1.0,1.0,top,27.29,36.9,21.4,83.9,45.16,65.59
1.0,0.0,middle,40.12,13.12,16.3,84.29,108.48,95.5
1.0,1.0,top,25.93,28.37,20.5,86.39,42.59,67.03
0.0,0.0,bottom,87.42,105.21,9.5,82.13,98.19,45.38
1.0,1.0,bottom,89.65,112.3,14.2,76.66,45.56,71.3
1.0,0.0,middle,33.95,14.4,19.1,77.66,31.51,85.87
0.0,1.0,top,24.96,27.67,12.9,80.51,32.54,58.67
1.0,0.0,bottom,113.24,77.78,7.2,86.51,127.85,55.01
1.0,0.0,top,33.43,22.32,21.3,75.4,35.16,56.52
1.0,1.0,top,42.57,35.05,17.6,79.57,29.8,80.71
0.0,0.0,middle,34.57,33.6,17.4,82.71,95.77,76.3
0.0,0.0,bottom,110.78,69.04,17.0,87.08,111.23,47.63
1.0,0.0,top,35.44,35.61,14.1,85.73,97.71,55.91
1.0,1.0,bottom,123.94,95.52,17.7,80.11,58.41,64.45
1.0,0.0,middle,55.2,68.4,14.6,81.72,79.28,99.32
1.0,0.0,top,40.07,38.25,6.6,76.92,64.95,60.22
1.0,0.0,middle,33.26,17.04,4.6,74.25,118.86,85.1
1.0,0.0,top,46.89,30.1,18.6,80.54,115.8,63.13
0.0,0.0,bottom,116.07,122.0,21.3,82.96,126.08,36.23
1.0,1.0,middle,31.15,69.73,15.1,79.19,64.26,97.84
1.0,0.0,top,34.05,24.11,20.7,78.41,104.16,55.47
1.0,0.0,middle,31.3,24.12,4.7,81.3,119.65,86.63
0.0,0.0,middle,41.39,59.29,4.9,81.39,96.25,82.36
1.0,0.0,bottom,88.85,100.43,8.8,78.54,40.59,59.63
1.0,0.0,bottom,101.48,87.65,5.3,82.71,23.38,54.74
0.0,0.0,middle,52.98,62.68,7.5,84.33,32.09,88.6
0.0,0.0,bottom,93.77,93.02,19.4,81.24,88.45,52.52
1.0,1.0,bottom,118.97,105.45,7.4,75.46,32.64,63.97
0.0,1.0,top,34.02,42.04,7.5,79.84,51.37,59.47
1.0,1.0,top,33.58,37.39,11.9,80.83,36.64,70.99
1.0,0.0,bottom,87.28,89.23,6.7,78.31,70.76,59.7
1.0,0.0,top,35.17,45.82,10.5,82.18,121.12,60.87
1.0,1.0,bottom,113.17,109.04,18.0,82.16,117.04,68.37
0.0,1.0,middle,28.92,38.35,11.0,82.31,102.25,88.42
0.0,0.0,top,33.32,33.21,10.7,76.11,52.89,46.05
1.0,0.0,middle,24.61,66.67,20.8,79.39,74.35,80.78
1.0,0.0,top,39.83,30.77,16.1,74.62,124.93,57.33
0.0,0.0,top,37.31,32.54,11.8,76.04,61.43,44.59
0.0,1.0,middle,34.17,48.91,11.6,75.86,121.5,96.7
1.0,0.0,bottom,91.32,114.21,13.7,82.65,118.54,56.74
0.0,0.0,top,24.25,25.5,4.3,81.08,115.72,39.86
1.0,0.0,bottom,117.24,80.83,5.9,75.35,21.47,53.99
0.0,1.0,bottom,116.05,105.08,10.4,76.92,112.29,54.45
1.0,1.0,bottom,64.02,71.16,9.9,72.51,127.87,74.77
1.0,0.0,middle,18.19,39.74,11.9,84.59,64.27,72.56
0.0,1.0,middle,50.52,51.16,16.2,81.92,55.61,103.64
1.0,0.0,middle,49.93,50.76,15.0,79.03,48.99,96.94
0.0,0.0,top,17.24,29.27,5.6,80.66,92.03,29.44
1.0,0.0,top,21.62,24.83,18.8,78.69,47.11,42.86
1.0,0.0,bottom,112.24,137.88,13.8,79.82,37.31,57.66
0.0,0.0,middle,55.21,57.1,17.9,79.86,30.56,89.78
1.0,0.0,top,28.37,44.09,7.2,78.03,61.84,54.91
1.0,0.0,top,40.32,25.86,20.2,76.76,89.23,65.01
1.0,0.0,middle,55.09,28.97,13.1,78.82,85.61,95.04
1.0,0.0,middle,14.35,42.48,10.5,79.33,58.49,74.02
1.0,0.0,bottom,85.0,81.51,15.9,83.06,82.4,54.49
1.0,1.0,bottom,83.66,119.31,11.9,82.6,68.18,73.05
1.0,0.0,middle,12.77,29.09,12.3,76.23,87.79,69.36
0.0,1.0,top,39.91,28.7,18.5,75.04,47.93,67.8
0.0,0.0,bottom,90.64,102.83,9.8,77.87,46.66,44.04
1.0,0.0,bottom,108.96,85.77,20.7,83.43,91.87,50.97
1.0,1.0,middle,19.71,21.03,9.6,78.05,22.13,94.48
1.0,0.0,top,25.5,34.33,21.8,79.71,56.54,48.6
0.0,1.0,bottom,95.4,87.65,13.2,74.5,46.65,62.8
1.0,0.0,top,45.01,28.09,13.3,78.34,71.02,67.28
0.0,0.0,bottom,97.05,121.74,4.7,88.4,90.01,45.48
1.0,0.0,middle,31.93,25.35,19.0,80.83,105.79,85.4
0.0,0.0,middle,35.18,-0.66,4.5,81.36,41.59,80.8
1.0,1.0,top,21.57,38.11,8.8,75.99,27.04,57.39
0.0,0.0,top,29.77,26.88,19.3,78.98,81.51,43.53
1.0,0.0,bottom,82.16,90.53,11.3,77.32,118.96,57.78
0.0,0.0,bottom,72.16,91.4,9.9,78.97,116.59,44.4
0.0,1.0,top,38.81,38.27,20.5,76.87,122.17,65.9
0.0,1.0,top,26.76,24.98,16.1,81.26,28.19,54.35
0.0,0.0,bottom,70.15,135.45,17.4,88.28,48.39,50.42
0.0,0.0,middle,42.07,64.64,13.5,84.39,92.51,87.11
1.0,0.0,bottom,88.33,98.24,9.3,80.61,86.45,57.74
0.0,0.0,middle,42.08,30.7,18.7,79.01,76.73,78.09
1.0,0.0,middle,33.63,50.56,19.6,79.98,29.67,91.57
0.0,0.0,middle,44.9,30.9,14.4,78.41,59.52,82.51
1.0,0.0,bottom,87.73,60.65,5.8,79.96,27.09,59.94
1.0,0.0,top,18.61,31.83,15.6,84.73,84.18,44.93
0.0,1.0,middle,59.03,43.43,16.5,74.45,97.59,104.86
0.0,0.0,middle,56.28,60.6,15.5,77.7,112.54,88.26
1.0,1.0,middle,24.97,57.94,15.2,83.31,45.98,97.71
0.0,0.0,middle,29.51,49.44,21.1,81.87,33.63,70.12
0.0,0.0,middle,36.79,38.77,12.0,79.78,91.69,84.6
0.0,0.0,middle,33.89,55.85,13.7,80.43,78.25,74.02
0.0,1.0,middle,9.93,9.03,10.7,79.67,121.21,68.22
1.0,1.0,middle,18.56,37.39,11.2,80.04,107.5,93.47
1.0,0.0,middle,62.96,39.28,18.0,77.61,47.51,102.07
0.0,0.0,top,16.57,40.28,12.4,77.59,102.93,30.37
1.0,0.0,top,34.77,27.3,14.9,84.39,92.97,51.82
0.0,0.0,bottom,103.53,127.73,15.6,81.92,32.63,45.89
0.0,1.0,bottom,122.43,70.19,10.6,77.9,77.84,54.02
0.0,0.0,top,25.86,32.53,19.2,80.67,120.04,43.97
1.0,0.0,top,43.9,38.73,15.0,79.37,107.24,67.33
1.0,0.0,middle,27.56,19.36,12.6,90.75,115.31,84.74
0.0,0.0,top,30.14,42.85,8.7,80.59,116.27,45.58
0.0,0.0,middle,51.68,62.31,20.6,85.91,67.03,92.58
1.0,0.0,middle,55.5,21.6,18.7,80.21,128.14,96.12
1.0,0.0,bottom,114.37,95.08,10.0,79.93,60.65,55.23
0.0,0.0,bottom,106.62,92.55,19.1,81.25,83.88,49.31
1.0,0.0,top,38.25,23.69,14.0,81.41,43.95,58.11
0.0,0.0,bottom,101.38,95.95,14.4,78.75,25.49,47.34
1.0,0.0,top,26.2,14.04,10.5,82.28,94.72,54.61
1.0,0.0,top,16.91,18.49,21.4,82.85,118.02,35.68
1.0,1.0,middle,23.09,74.8,21.9,84.05,51.91,89.35
1.0,0.0,top,31.57,31.54,19.3,80.41,77.52,57.61
1.0,0.0,top,27.81,30.67,9.6,81.87,51.71,55.16
1.0,0.0,top,24.24,38.07,13.8,79.42,78.79,54.73
1.0,0.0,top,24.89,46.79,4.0,85.65,66.76,52.7
0.0,0.0,bottom,105.54,106.53,14.0,87.51,99.4,51.69
1.0,0.0,bottom,98.18,77.51,19.6,80.1,78.05,57.01
1.0,0.0,middle,36.22,40.03,15.7,78.77,33.43,88.82
1.0,1.0,bottom,118.74,112.41,13.4,85.45,28.0,65.35
0.0,1.0,middle,56.46,39.32,9.0,82.77,66.91,99.52
1.0,0.0,middle,36.79,61.69,7.7,83.17,89.99,89.01
1.0,1.0,middle,36.3,56.08,21.8,79.38,85.79,101.7
1.0,0.0,bottom,95.05,103.53,14.1,80.36,65.05,61.24
0.0,1.0,middle,40.91,61.01,9.1,79.12,68.92,97.59
1.0,1.0,middle,47.02,32.51,15.6,80.68,109.81,113.64
1.0,0.0,middle,29.59,35.27,6.8,78.61,118.91,90.82
1.0,0.0,top,27.73,27.64,14.5,84.37,85.79,53.73
0.0,0.0,middle,55.18,36.27,15.0,75.99,79.74,93.74
1.0,1.0,middle,33.71,36.27,6.5,82.08,111.01,102.67
0.0,0.0,bottom,105.52,97.71,22.0,73.45,60.55,51.02
0.0,0.0,top,25.55,29.82,11.0,82.24,74.75,43.64
0.0,0.0,middle,34.86,35.37,9.4,80.82,77.0,80.61
1.0,1.0,middle,41.7,73.49,14.7,74.29,20.48,105.62
1.0,0.0,middle,21.8,41.96,9.8,81.78,86.11,71.73
0.0,0.0,middle,56.0,38.99,19.2,75.44,68.64,94.33
0.0,0.0,middle,30.14,42.44,9.4,76.96,25.45,70.23
1.0,0.0,bottom,98.48,66.68,18.6,75.02,110.54,60.17
0.0,0.0,top,13.86,40.76,12.4,84.84,24.88,30.15
1.0,0.0,bottom,87.44,61.61,18.6,80.76,101.42,54.66
1.0,0.0,top,33.44,23.16,4.8,78.08,73.89,58.5
1.0,1.0,middle,33.76,34.8,13.1,80.64,22.16,100.63
1.0,0.0,top,24.32,33.45,19.4,75.43,35.41,49.58
1.0,1.0,top,18.92,29.97,16.3,79.51,25.77,61.15
0.0,0.0,bottom,105.34,54.58,13.1,74.06,104.65,46.26
1.0,0.0,middle,45.25,70.26,14.1,79.35,32.1,89.56
0.0,1.0,bottom,88.63,64.85,5.5,80.45,21.69,65.05
1.0,0.0,middle,19.09,38.69,9.0,78.68,46.51,75.94
1.0,0.0,top,41.1,31.14,17.1,82.28,112.55,68.07
1.0,0.0,middle,36.06,30.17,15.4,71.65,81.11,87.51
0.0,0.0,middle,52.4,20.87,7.9,81.4,103.65,86.43
0.0,1.0,middle,42.84,23.46,12.5,79.98,44.3,98.36
0.0,1.0,middle,63.32,42.29,5.5,76.66,21.74,105.99
1.0,0.0,bottom,111.24,100.83,11.2,76.43,104.04,52.93
1.0,1.0,middle,39.64,48.79,5.8,75.04,47.84,108.66
1.0,0.0,bottom,107.91,100.0,10.2,80.04,40.19,52.61
1.0,0.0,middle,41.82,45.02,6.9,79.4,27.68,94.29
0.0,0.0,bottom,82.1,106.82,9.0,81.73,91.88,45.18
1.0,0.0,middle,21.43,42.48,10.5,85.23,22.87,73.78
0.0,0.0,top,20.35,32.11,7.8,79.08,36.55,34.41
1.0,0.0,middle,43.44,35.68,10.5,80.23,50.33,95.28
1.0,0.0,bottom,110.7,116.32,9.6,85.27,25.31,53.72
1.0,0.0,top,36.81,41.24,9.3,83.66,49.89,59.74
0.0,1.0,top,36.61,15.12,19.0,80.85,49.37,63.45
0.0,1.0,middle,47.09,61.24,15.0,81.07,50.45,100.47
1.0,0.0,middle,34.4,71.59,6.7,83.6,93.22,86.61
1.0,0.0,bottom,105.1,119.49,17.6,82.15,29.6,55.51
1.0,1.0,top,21.06,47.94,11.9,77.77,122.75,62.04
1.0,0.0,middle,22.59,26.54,4.9,81.22,129.26,81.17
0.0,0.0,middle,80.19,50.75,15.9,78.39,78.4,90.15
0.0,0.0,middle,50.02,20.23,14.4,75.21,89.89,89.08
0.0,0.0,bottom,90.0,99.61,19.8,80.4,57.92,44.73
1.0,0.0,bottom,99.74,111.33,11.3,83.14,44.26,52.67
0.0,0.0,top,30.73,20.65,18.3,74.74,57.69,49.78
1.0,1.0,top,17.31,31.18,12.3,77.71,102.47,54.4
1.0,1.0,top,29.81,17.89,13.1,83.01,42.91,69.6
1.0,0.0,bottom,81.27,91.39,17.6,77.96,67.07,61.16
1.0,0.0,top,24.34,33.32,7.4,80.01,36.66,56.51
0.0,1.0,top,15.98,28.27,16.6,83.44,115.44,50.11
1.0,1.0,bottom,103.33,112.01,10.4,79.57,29.61,74.52
1.0,0.0,top,31.75,36.93,15.5,77.35,28.42,62.08
0.0,0.0,bottom,111.89,122.0,9.7,79.43,101.98,44.0
1.0,0.0,top,38.37,32.02,9.0,81.97,21.65,63.31
1.0,1.0,bottom,132.66,69.24,11.6,76.22,83.82,49.99
1.0,0.0,bottom,88.48,125.74,11.6,81.96,83.97,55.65
0.0,1.0,top,29.71,38.67,15.0,84.32,25.86,61.36
1.0,1.0,middle,32.22,26.51,19.7,82.75,99.35,97.89
1.0,0.0,middle,27.01,33.83,18.1,80.38,88.07,79.81
0.0,0.0,top,34.16,39.28,6.7,75.11,81.96,44.18
0.0,1.0,middle,54.84,35.03,9.2,77.74,128.78,106.63
1.0,0.0,bottom,109.05,122.4,17.4,75.34,97.51,56.86
1.0,1.0,middle,40.77,27.39,10.6,83.29,21.54,103.85
1.0,0.0,bottom,81.47,105.7,12.5,74.61,122.32,63.46
1.0,1.0,middle,40.68,14.85,17.0,80.39,66.83,108.81
1.0,1.0,top,33.93,26.55,6.4,72.1,119.53,71.43
0.0,0.0,bottom,110.71,57.07,9.0,83.81,49.08,41.24
0.0,0.0,top,40.44,42.58,14.5,83.27,66.36,50.27
1.0,0.0,bottom,106.55,110.04,21.0,80.32,104.51,54.03
1.0,0.0,bottom,122.59,84.95,8.7,82.11,80.02,49.73
1.0,0.0,top,32.44,36.84,8.8,78.08,79.08,58.72
0.0,0.0,middle,42.91,25.9,14.4,81.33,36.04,87.13
1.0,0.0,middle,59.72,20.17,6.9,77.7,126.3,98.3
1.0,0.0,bottom,109.13,102.06,20.9,83.99,61.69,55.52
1.0,1.0,middle,59.37,43.42,17.8,79.63,57.37,115.66
1.0,0.0,middle,64.25,45.79,14.3,79.78,42.77,104.05
1.0,1.0,bottom,102.29,111.15,17.0,82.69,100.07,67.31
0.0,1.0,top,41.25,34.41,8.2,75.74,49.95,65.8
1.0,0.0,bottom,91.95,129.02,7.1,83.42,79.61,54.7
1.0,1.0,top,16.58,28.23,9.4,81.94,65.52,58.7
1.0,0.0,top,21.22,28.62,20.3,81.72,40.35,47.18
0.0,0.0,top,27.79,21.33,4.6,83.06,118.13,48.09
0.0,1.0,bottom,98.62,89.38,7.6,80.88,40.64,65.04
1.0,0.0,top,39.17,22.85,16.6,81.3,49.49,58.96
0.0,1.0,middle,44.73,25.0,10.2,82.95,90.63,93.33
1.0,0.0,bottom,94.9,131.65,16.0,81.14,55.96,61.6
1.0,0.0,top,42.83,36.49,5.4,82.41,82.21,60.62
1.0,1.0,middle,55.73,35.48,9.0,85.51,54.47,113.67
1.0,1.0,middle,35.83,51.04,8.4,83.03,79.18,102.84
1.0,0.0,top,32.26,46.24,10.2,80.04,48.87,57.43
0.0,0.0,bottom,81.05,125.59,9.1,76.57,96.37,49.41
1.0,1.0,top,39.44,27.99,12.1,79.34,93.7,79.25
1.0,0.0,middle,39.75,69.24,4.3,81.41,63.06,95.65
1.0,1.0,middle,27.78,30.62,17.0,80.09,56.12,90.11
1.0,0.0,middle,35.86,39.46,15.2,77.04,24.21,83.79
1.0,1.0,top,30.91,28.67,19.4,82.53,79.77,71.81
1.0,0.0,top,30.63,36.54,16.2,80.66,81.26,55.93
0.0,1.0,middle,51.22,78.67,21.0,74.99,126.62,104.24
1.0,0.0,middle,46.93,74.53,6.6,77.42,90.51,90.94
0.0,1.0,bottom,93.04,75.62,10.4,84.2,108.5,62.43
1.0,0.0,middle,37.72,34.45,18.6,78.81,32.52,94.79
1.0,1.0,bottom,81.36,97.79,21.3,76.09,98.19,78.97
1.0,0.0,middle,25.38,62.28,18.2,78.14,49.17,83.27
1.0,0.0,middle,-2.69,27.37,7.6,77.04,63.68,48.85
0.0,1.0,bottom,114.22,92.58,14.0,82.7,129.54,60.38
0.0,1.0,middle,-8.09,32.81,15.5,78.7,99.98,48.64
0.0,0.0,top,36.37,32.81,15.6,79.81,67.78,50.55
1.0,1.0,top,28.47,23.05,16.4,90.3,34.47,71.87
0.0,0.0,bottom,92.78,130.06,7.3,82.27,90.5,47.91
0.0,1.0,middle,46.85,58.81,6.2,81.02,43.56,100.91
0.0,0.0,middle,23.33,-16.39,7.1,77.98,26.15,68.52
1.0,0.0,bottom,98.57,74.95,12.8,81.23,91.44,55.19
1.0,1.0,bottom,90.54,124.4,20.0,75.63,93.86,77.78
1.0,1.0,top,20.48,28.37,7.4,77.74,88.97,55.73
0.0,0.0,middle,37.77,13.77,8.8,77.86,36.87,78.29
0.0,0.0,top,37.04,29.59,18.2,77.28,30.17,55.04
0.0,1.0,top,36.93,38.67,20.5,85.03,81.76,61.1
0.0,0.0,top,30.69,38.35,4.6,77.44,87.31,44.07
1.0,0.0,bottom,61.03,93.04,12.7,82.56,107.35,56.43
1.0,0.0,middle,22.35,46.89,21.8,82.2,20.28,75.74
1.0,1.0,middle,53.56,23.43,14.3,78.5,27.64,114.84
1.0,1.0,middle,60.36,17.42,15.4,75.61,81.02,119.06
1.0,0.0,top,7.59,29.23,21.6,77.07,94.62,30.03
0.0,0.0,top,18.47,50.91,8.0,82.04,98.99,30.36
1.0,0.0,bottom,101.02,86.44,20.0,80.52,36.99,55.97
0.0,0.0,top,26.68,26.19,14.9,86.26,28.41,42.8
0.0,1.0,bottom,94.31,102.17,10.3,82.64,51.72,61.73
1.0,0.0,middle,48.15,42.23,5.4,85.41,91.13,92.84
1.0,1.0,bottom,80.74,97.72,15.5,81.06,106.26,76.11
0.0,1.0,middle,37.45,38.46,14.8,75.76,106.36,92.0
0.0,0.0,middle,68.87,28.26,17.1,83.81,103.64,93.21
1.0,1.0,middle,48.8,59.86,19.3,78.92,56.65,111.6
0.0,0.0,top,35.02,32.48,16.1,85.42,29.59,50.81
1.0,0.0,middle,33.5,25.02,18.0,83.13,106.95,82.47
1.0,0.0,top,31.49,34.62,15.7,77.02,120.09,53.43
1.0,0.0,middle,30.94,20.5,15.6,76.1,114.81,89.97
1.0,1.0,top,31.67,30.89,20.9,83.37,92.13,70.57
1.0,0.0,top,25.44,29.69,17.8,74.76,93.53,50.76
1.0,1.0,top,17.16,34.81,4.9,77.33,105.72,57.36
0.0,1.0,top,26.9,31.69,4.2,80.67,58.77,53.63
0.0,0.0,bottom,92.36,103.67,14.4,81.16,112.05,42.63
0.0,1.0,middle,52.49,38.87,9.9,80.31,32.23,106.98
1.0,0.0,bottom,106.22,84.55,21.7,77.73,46.96,59.46
1.0,1.0,top,40.38,34.73,17.4,81.1,124.92,80.36
1.0,0.0,middle,64.91,47.58,15.5,84.61,80.16,101.78
0.0,1.0,middle,23.87,19.03,6.7,75.3,115.45,79.48
1.0,1.0,bottom,107.14,94.21,4.5,76.05,32.51,77.45
0.0,0.0,top,37.54,17.75,15.0,83.54,56.95,48.3
1.0,0.0,top,32.33,30.01,19.3,78.13,62.03,55.54
1.0,1.0,middle,23.99,43.57,10.6,83.16,32.35,95.22
1.0,0.0,top,36.36,35.08,10.3,82.17,90.84,56.52
0.0,0.0,top,35.27,32.35,9.3,75.86,54.24,46.85
1.0,0.0,middle,32.59,19.65,6.9,85.32,28.02,86.15
1.0,1.0,middle,47.24,55.86,10.0,77.13,76.3,105.47
0.0,1.0,middle,55.91,0.68,19.9,77.95,115.1,103.73
1.0,0.0,top,33.2,31.63,16.2,81.43,60.16,51.76
0.0,0.0,top,41.75,27.37,21.7,77.52,54.73,53.38
0.0,0.0,bottom,95.54,118.5,6.5,83.59,76.62,50.44
1.0,1.0,bottom,124.11,101.82,5.4,82.52,49.84,62.79
1.0,0.0,bottom,122.33,113.95,5.4,78.27,82.4,49.31
0.0,0.0,top,45.29,38.6,9.3,85.3,123.95,55.56
0.0,0.0,top,38.92,24.09,13.4,82.73,39.99,54.32
0.0,0.0,bottom,122.21,83.89,6.7,79.66,29.58,42.15
0.0,1.0,top,25.28,23.85,17.7,75.37,103.92,53.13
0.0,0.0,middle,38.61,30.55,16.3,80.82,104.07,85.91
0.0,0.0,bottom,79.48,86.76,17.5,76.65,45.59,46.64
0.0,0.0,top,35.06,30.58,14.6,79.6,98.49,43.17
0.0,0.0,bottom,100.89,77.07,12.2,78.62,105.89,49.83
0.0,0.0,top,27.68,25.02,4.6,79.41,129.8,39.21
1.0,0.0,bottom,137.62,98.55,13.7,77.72,110.28,33.76
1.0,1.0,bottom,100.6,89.25,14.7,76.31,22.42,73.13
1.0,0.0,top,33.42,34.03,14.9,79.7,52.74,58.33
0.0,0.0,top,26.33,15.93,13.6,81.23,36.64,37.93
1.0,1.0,bottom,116.22,86.18,18.3,82.11,36.48,68.57
0.0,0.0,top,25.62,32.54,4.2,79.81,118.24,42.49
0.0,0.0,middle,68.44,11.17,13.4,75.35,31.8,94.08
1.0,0.0,top,29.64,27.22,19.5,84.27,64.82,51.04
0.0,0.0,middle,47.67,43.99,12.5,81.16,97.45,87.75
1.0,0.0,middle,38.96,68.24,4.6,77.56,31.17,90.13
0.0,0.0,bottom,99.92,102.76,9.2,79.52,25.79,47.51
0.0,0.0,top,27.94,26.04,21.9,84.14,39.6,45.7
1.0,0.0,top,13.04,35.01,13.9,80.32,82.09,37.72
1.0,0.0,bottom,94.51,85.09,14.3,81.43,113.56,60.21
0.0,1.0,bottom,90.9,96.31,6.2,80.65,34.89,67.35
1.0,1.0,bottom,101.72,142.04,11.1,80.24,95.43,72.64
1.0,1.0,top,29.93,19.98,6.4,84.19,80.49,67.52
0.0,0.0,middle,46.96,15.06,9.0,80.01,52.77,83.93
0.0,0.0,top,23.02,33.54,9.5,83.17,94.73,40.73
1.0,1.0,middle,49.59,50.52,8.4,79.32,66.91,114.54
0.0,1.0,bottom,79.78,93.87,9.9,80.45,128.84,62.66
1.0,0.0,middle,37.0,49.22,17.6,82.15,44.87,89.14
0.0,0.0,top,14.95,43.1,5.3,84.17,74.05,31.62
1.0,1.0,middle,68.28,30.16,7.8,82.29,113.44,115.65
1.0,0.0,bottom,97.56,120.95,9.1,79.41,97.56,55.17
0.0,0.0,middle,24.63,41.41,7.6,74.78,76.85,70.42
0.0,0.0,bottom,78.27,96.62,17.6,82.46,50.44,48.93
0.0,0.0,top,33.26,39.0,9.9,79.74,31.31,47.79
0.0,0.0,bottom,109.58,86.64,21.0,79.9,28.99,44.42
1.0,0.0,bottom,108.41,97.07,13.1,78.67,99.2,51.83
1.0,0.0,middle,43.66,39.79,21.3,81.26,22.24,91.59
1.0,0.0,top,30.53,49.3,15.1,80.78,23.56,53.27
0.0,0.0,top,35.67,31.89,14.2,87.22,60.68,42.18
1.0,1.0,middle,36.67,42.41,6.8,81.08,80.77,101.3
1.0,0.0,bottom,71.1,101.98,18.9,78.29,54.47,55.28
1.0,0.0,middle,42.35,44.06,5.0,80.17,30.72,95.89
0.0,0.0,bottom,95.08,104.22,10.0,77.44,67.18,49.6
0.0,0.0,top,23.31,37.95,6.3,75.34,29.12,43.49
1.0,0.0,middle,21.09,79.15,5.4,81.32,110.22,71.46
0.0,1.0,top,26.06,33.7,21.2,84.86,96.7,53.76
1.0,0.0,top,22.47,34.91,19.1,81.98,99.37,46.18
0.0,0.0,top,17.62,41.35,20.1,80.57,120.14,35.47
0.0,0.0,bottom,84.9,120.67,21.9,86.94,34.44,55.27
0.0,0.0,top,33.85,33.72,4.7,77.16,36.33,45.08
0.0,1.0,top,42.47,35.77,21.4,78.1,106.26,68.4
0.0,1.0,bottom,79.23,114.0,15.1,89.07,103.54,61.06
1.0,0.0,middle,58.95,46.91,13.6,75.55,128.99,102.68
0.0,1.0,top,26.29,41.13,10.0,84.95,44.16,58.44
0.0,0.0,top,36.8,34.53,15.7,76.01,112.52,51.06
1.0,0.0,top,19.49,29.68,18.3,80.65,32.01,48.46
1.0,0.0,top,35.24,23.74,17.1,80.62,94.88,52.82
0.0,0.0,bottom,84.47,86.23,16.0,79.34,52.84,45.03
0.0,1.0,top,35.77,30.2,18.0,82.81,116.55,61.92
1.0,0.0,bottom,97.86,124.96,4.4,81.72,51.54,62.63
1.0,0.0,middle,44.45,7.87,17.3,79.55,78.28,89.76
1.0,1.0,middle,21.87,55.22,15.7,81.39,28.86,91.2
1.0,1.0,bottom,110.82,93.08,18.8,71.83,97.35,67.64
0.0,1.0,top,26.06,40.6,18.9,82.58,66.96,57.47
0.0,0.0,top,29.41,36.91,16.2,83.82,39.61,38.09
1.0,0.0,top,35.9,30.06,17.2,73.95,61.37,57.88
0.0,0.0,top,22.42,23.21,8.8,76.15,48.58,33.56
1.0,0.0,top,30.83,35.42,9.8,80.69,92.5,55.42
1.0,1.0,bottom,109.69,104.09,18.9,78.05,73.89,70.14
0.0,0.0,middle,32.89,69.67,19.6,75.77,103.4,76.99
0.0,0.0,top,41.57,24.33,13.6,79.87,20.53,45.74
1.0,0.0,middle,42.48,45.82,9.9,81.57,31.09,90.03
1.0,0.0,middle,27.32,88.89,13.9,83.53,46.31,88.11
1.0,0.0,middle,29.04,37.11,17.1,75.24,114.08,85.48
1.0,0.0,bottom,83.37,112.52,16.7,77.95,46.15,63.55
0.0,0.0,middle,32.83,29.64,19.3,83.52,52.56,76.67
0.0,0.0,bottom,111.23,125.21,14.0,80.23,98.82,46.18
1.0,1.0,top,33.11,17.24,6.1,71.47,23.48,72.97
1.0,1.0,middle,47.56,32.9,17.8,80.4,112.66,112.67
1.0,0.0,top,34.1,20.2,16.2,75.68,106.7,59.48
1.0,0.0,top,32.05,25.65,18.5,83.74,67.73,59.13
0.0,1.0,bottom,128.83,116.77,14.1,84.93,80.58,53.3
0.0,1.0,top,36.4,39.54,9.2,77.98,36.51,65.36
1.0,0.0,bottom,76.85,125.89,16.7,82.36,28.6,58.15
1.0,0.0,top,29.46,24.52,17.4,77.95,117.49,51.53
1.0,0.0,middle,33.48,13.68,21.9,86.95,115.16,87.96
1.0,1.0,top,39.44,16.91,13.6,77.35,109.3,75.75
0.0,1.0,bottom,109.14,94.72,13.2,82.42,114.0,57.81
0.0,0.0,middle,22.21,36.91,18.5,79.72,33.26,69.97
0.0,1.0,middle,39.77,57.06,21.6,83.04,90.32,100.82
1.0,1.0,bottom,111.77,87.63,4.7,78.86,35.94,70.52
1.0,0.0,middle,55.79,31.53,6.8,77.82,73.44,91.27
1.0,0.0,top,31.15,30.69,11.0,77.19,30.73,55.96
0.0,0.0,bottom,124.94,84.96,20.9,77.8,55.12,34.52
0.0,0.0,middle,48.98,18.81,14.3,76.38,44.73,88.49
0.0,0.0,bottom,108.31,133.66,13.5,83.88,128.52,42.97
0.0,1.0,bottom,95.75,65.55,18.5,84.2,80.27,67.39
0.0,0.0,middle,38.79,59.24,13.1,82.02,106.38,83.99
0.0,0.0,bottom,116.77,69.36,18.9,77.03,43.96,46.37
1.0,0.0,top,55.19,32.99,5.9,79.42,49.0,70.93
0.0,0.0,bottom,115.5,108.9,7.0,81.2,40.54,43.43
0.0,0.0,top,22.32,25.69,6.8,81.95,60.99,35.15
0.0,0.0,bottom,105.32,94.83,12.2,79.74,129.25,44.79
1.0,1.0,bottom,98.29,66.6,13.0,80.72,35.66,68.03
0.0,0.0,middle,42.88,32.87,9.6,80.11,46.55,84.69
1.0,0.0,top,34.41,29.22,15.1,77.75,129.07,55.31
0.0,1.0,top,35.56,27.62,17.8,85.33,85.94,63.91
1.0,0.0,bottom,87.24,75.13,14.9,84.92,55.38,57.5
1.0,0.0,bottom,86.9,98.33,20.8,81.89,116.2,58.6
1.0,1.0,middle,36.1,57.33,10.5,77.72,38.54,106.61
1.0,0.0,middle,15.03,45.03,7.3,83.71,40.41,71.85
0.0,0.0,middle,42.73,11.79,4.0,78.27,68.43,86.18
0.0,1.0,middle,43.3,42.79,13.6,85.06,28.51,98.39
1.0,1.0,middle,52.75,47.58,16.2,82.05,29.44,114.85
0.0,0.0,bottom,102.69,72.31,21.9,78.94,55.69,50.14
1.0,0.0,top,22.5,33.61,18.2,83.27,120.68,44.71
1.0,1.0,top,28.74,23.51,15.8,81.04,73.85,68.68
0.0,0.0,top,25.54,22.9,21.2,75.14,86.97,36.11
0.0,1.0,top,42.49,33.9,14.8,79.89,109.72,69.58
0.0,1.0,middle,57.62,65.72,13.1,80.99,73.65,98.24
1.0,1.0,middle,73.17,45.99,17.2,75.0,23.96,121.03
1.0,0.0,top,21.68,40.64,5.3,82.19,55.06,47.48
1.0,0.0,bottom,130.81,95.2,15.5,78.99,121.61,46.75
0.0,1.0,top,32.13,49.07,11.8,80.48,61.16,59.28
1.0,0.0,bottom,119.27,101.26,18.9,76.43,99.1,45.47
1.0,1.0,middle,60.34,42.07,7.1,83.33,67.77,115.98
1.0,0.0,middle,43.31,25.58,9.4,77.22,105.49,93.19
1.0,0.0,bottom,103.75,97.59,15.9,78.4,34.98,53.29
0.0,0.0,bottom,68.23,57.34,18.5,85.36,98.56,48.02
0.0,0.0,bottom,112.32,71.93,12.0,79.6,89.1,41.54
1.0,0.0,top,33.83,30.28,4.2,77.28,98.42,59.71
1.0,1.0,top,32.86,26.74,10.5,81.49,55.71,72.4
0.0,1.0,top,48.76,35.6,4.9,84.4,60.58,68.64
1.0,0.0,middle,90.86,20.9,14.5,79.8,103.91,103.49
1.0,1.0,middle,38.14,81.61,10.8,78.93,106.07,106.51
0.0,1.0,top,29.67,34.93,18.0,81.8,69.73,55.17
0.0,0.0,bottom,89.85,125.95,4.9,77.88,38.59,51.88
0.0,0.0,top,21.45,30.43,17.9,79.27,49.38,35.26
0.0,1.0,bottom,124.02,79.33,15.9,77.54,57.07,49.67
1.0,0.0,top,27.61,37.88,19.9,79.94,112.35,51.32
1.0,0.0,middle,26.04,60.28,8.6,82.7,52.86,78.73
0.0,1.0,middle,24.92,16.32,13.2,75.81,74.53,82.8
1.0,1.0,top,35.86,28.86,8.2,81.93,118.46,69.01
1.0,0.0,bottom,90.39,104.64,14.2,76.64,102.6,59.02
1.0,0.0,bottom,103.7,111.01,10.1,72.73,28.61,63.08
1.0,0.0,bottom,102.71,118.82,13.7,81.05,42.44,54.85
0.0,1.0,middle,16.16,34.96,9.3,83.5,43.84,76.63
1.0,0.0,bottom,103.21,94.78,17.5,82.94,93.69,52.9
0.0,0.0,bottom,117.42,92.98,12.3,87.24,117.24,43.95
0.0,0.0,top,13.62,40.35,13.9,87.43,83.97,27.22
1.0,1.0,bottom,100.48,107.86,10.3,75.03,70.58,71.82
1.0,0.0,bottom,108.16,100.9,11.1,79.89,62.66,53.51
1.0,0.0,top,24.92,31.74,7.7,76.5,104.33,47.85
0.0,1.0,top,38.86,21.57,19.6,74.12,129.36,66.66
1.0,0.0,bottom,108.02,116.45,18.4,79.17,57.17,57.67
0.0,0.0,bottom,73.45,116.8,14.7,79.57,80.62,50.91
1.0,0.0,middle,55.32,94.25,10.8,75.84,69.96,101.57
0.0,1.0,bottom,108.83,133.24,12.7,76.51,37.52,55.7
1.0,0.0,middle,87.69,56.63,17.7,82.96,96.25,104.2
0.0,0.0,bottom,80.69,57.88,6.8,85.16,23.42,50.96
1.0,1.0,top,35.0,44.54,10.7,78.63,30.24,73.57
1.0,0.0,bottom,105.35,119.34,14.3,81.36,41.01,52.58
1.0,0.0,top,39.3,28.25,8.9,76.72,29.29,61.17
1.0,1.0,middle,61.03,25.68,11.0,76.58,65.54,119.42
0.0,0.0,top,39.45,34.19,15.4,79.19,90.99,56.38
1.0,0.0,middle,57.07,23.67,10.9,76.99,60.05,95.94
1.0,1.0,middle,20.64,45.01,12.4,84.02,33.09,89.52
1.0,0.0,middle,49.16,43.1,15.7,85.71,104.14,102.77
1.0,0.0,bottom,89.24,55.92,8.3,76.56,97.57,59.26
0.0,0.0,top,36.43,35.44,16.9,85.56,85.25,50.95
1.0,1.0,top,30.21,39.17,20.6,79.42,108.17,69.4
1.0,1.0,top,31.52,26.76,13.1,82.29,121.11,71.89
1.0,0.0,bottom,118.16,102.2,14.4,74.28,92.51,42.74
1.0,1.0,top,13.28,22.04,12.5,82.83,77.15,50.85
0.0,0.0,middle,51.52,36.44,14.8,78.37,80.02,89.29
1.0,0.0,bottom,86.71,106.59,21.6,75.88,79.4,61.88
1.0,1.0,top,40.61,31.04,9.1,76.36,104.22,73.06
1.0,0.0,top,21.89,35.93,15.9,80.52,52.65,51.2
0.0,0.0,top,15.13,36.81,4.3,76.24,121.79,32.17
1.0,0.0,top,28.67,22.14,12.2,76.48,73.42,55.94
0.0,0.0,middle,42.23,35.71,11.8,79.75,122.67,78.82
1.0,1.0,middle,56.17,44.86,5.8,81.45,61.33,114.17
0.0,0.0,top,17.39,27.83,16.1,79.6,123.63,31.75
1.0,0.0,middle,55.07,45.27,17.3,83.91,46.29,104.51
1.0,0.0,top,41.73,26.73,15.5,81.49,99.27,65.72
0.0,0.0,bottom,74.53,77.56,20.3,86.87,69.56,50.15
1.0,1.0,middle,36.17,1.19,20.4,80.4,52.45,105.0
0.0,0.0,top,31.62,37.06,7.6,76.12,35.05,48.69
0.0,0.0,top,23.41,33.1,5.7,83.6,115.43,39.62
0.0,0.0,middle,67.8,41.23,14.3,78.93,97.37,91.68
1.0,0.0,middle,46.69,54.47,18.2,79.42,115.82,99.25
0.0,1.0,bottom,112.09,119.94,6.1,82.19,40.37,56.09
1.0,0.0,middle,45.83,12.41,9.9,82.13,40.92,94.78
1.0,0.0,bottom,92.73,83.32,19.9,82.16,73.43,62.23
1.0,1.0,bottom,62.53,53.03,7.2,83.86,118.23,69.64
0.0,0.0,top,36.38,20.15,7.2,74.51,126.28,51.17
1.0,0.0,bottom,91.73,137.79,14.7,83.75,55.65,61.74
1.0,1.0,middle,50.13,48.05,13.6,79.1,42.13,113.68
0.0,1.0,middle,13.46,57.12,17.7,76.17,75.16,72.72
0.0,1.0,middle,36.14,10.79,20.3,83.99,48.29,95.62
0.0,0.0,bottom,104.7,106.62,21.7,86.72,83.97,49.13
0.0,0.0,bottom,104.06,127.77,10.5,78.29,73.88,45.85
1.0,0.0,top,32.87,31.98,5.5,85.47,114.67,58.66
0.0,1.0,bottom,128.42,119.79,10.5,86.58,118.77,44.09
0.0,0.0,top,38.31,45.44,7.7,77.31,31.76,48.18
1.0,0.0,middle,41.08,19.9,5.8,83.44,48.24,91.99
0.0,0.0,top,32.08,38.88,13.9,84.75,78.8,42.4
1.0,0.0,middle,8.55,33.81,10.5,85.38,67.52,65.27
1.0,0.0,middle,52.86,40.71,14.0,81.33,86.31,97.96
0.0,0.0,middle,36.63,61.82,15.5,81.71,98.62,77.78
1.0,0.0,bottom,86.43,95.16,20.6,78.71,60.24,59.52
1.0,0.0,middle,34.43,25.24,16.0,81.87,60.85,86.15
1.0,0.0,top,39.86,25.44,15.9,80.44,67.16,60.92
1.0,1.0,bottom,111.05,64.44,16.2,79.67,27.02,69.88
1.0,0.0,bottom,78.62,70.69,14.7,73.76,99.75,59.14
1.0,0.0,middle,27.82,29.21,14.4,79.73,26.81,77.22
1.0,0.0,middle,25.76,21.4,14.8,78.06,78.04,84.46
1.0,0.0,middle,23.43,36.33,19.4,81.37,124.18,81.99
1.0,0.0,middle,18.0,32.22,19.9,78.65,39.29,74.07
1.0,1.0,middle,42.9,34.98,9.0,80.53,81.5,104.56
0.0,0.0,bottom,113.81,124.53,9.5,76.65,109.57,40.23
1.0,1.0,top,51.36,30.27,13.5,78.47,63.8,83.11
0.0,0.0,bottom,68.16,105.25,18.0,82.31,107.31,54.1
0.0,0.0,middle,15.35,14.92,7.7,81.73,67.68,62.25
0.0,1.0,bottom,107.66,119.37,7.9,82.48,60.51,61.49
0.0,0.0,top,44.17,34.77,13.5,84.35,25.19,53.66
1.0,1.0,bottom,103.83,96.21,4.6,76.16,126.8,74.59
1.0,0.0,middle,45.22,32.89,8.8,76.23,101.64,92.52
1.0,0.0,top,38.53,32.25,8.7,81.27,125.46,60.52
1.0,1.0,middle,11.81,17.82,16.4,78.7,78.74,78.45
1.0,1.0,top,31.34,39.5,13.0,80.24,30.76,69.68
0.0,0.0,top,30.14,26.64,21.7,76.7,50.37,50.79
1.0,1.0,middle,23.25,31.24,17.6,82.44,118.76,98.92
1.0,1.0,bottom,92.25,77.81,8.3,80.58,28.83,68.36
1.0,0.0,top,34.6,30.94,13.1,77.9,41.75,55.55
1.0,1.0,top,32.82,23.6,10.2,76.34,65.42,76.83
1.0,0.0,bottom,101.31,98.56,10.2,79.11,108.75,59.01
0.0,1.0,bottom,115.64,74.44,19.8,80.94,64.45,57.91
0.0,1.0,top,31.61,29.03,7.9,76.32,62.5,59.12
0.0,0.0,middle,46.87,26.51,21.3,81.91,108.89,83.03
1.0,0.0,bottom,97.9,95.3,9.8,73.46,47.97,58.18
1.0,0.0,bottom,103.19,109.23,21.9,84.87,72.73,57.63
1.0,0.0,middle,10.64,56.74,10.3,78.79,97.53,62.7
1.0,0.0,bottom,94.18,124.35,10.6,81.15,129.15,53.56
1.0,0.0,middle,35.45,32.81,11.4,76.34,29.21,86.66
1.0,0.0,middle,62.99,49.3,4.9,77.01,111.84,102.5
0.0,0.0,bottom,105.07,104.77,8.2,76.31,46.91,45.88
1.0,0.0,bottom,98.64,102.31,14.3,84.81,83.43,60.59
1.0,0.0,bottom,94.21,95.32,5.9,75.86,27.84,58.3
1.0,0.0,top,24.04,34.37,11.7,79.73,61.4,48.91
1.0,1.0,top,25.22,19.58,18.8,81.04,23.08,67.75
1.0,1.0,top,14.51,44.77,4.6,79.28,42.98,56.48
1.0,0.0,top,38.95,36.96,14.9,77.37,31.46,61.41
1.0,0.0,middle,43.35,34.4,20.4,77.78,125.03,96.49
1.0,0.0,top,27.68,27.83,20.7,83.05,75.29,44.7
0.0,1.0,bottom,103.81,59.81,18.9,77.29,60.7,63.17
0.0,1.0,top,16.82,31.99,21.1,79.17,40.97,45.66
1.0,1.0,middle,13.94,28.22,21.2,84.95,40.92,84.76
1.0,1.0,bottom,93.67,105.42,4.4,74.91,95.87,72.59
0.0,1.0,top,19.85,30.58,8.5,81.29,72.8,46.83
0.0,0.0,top,15.1,16.76,11.1,84.18,110.36,32.84
0.0,0.0,top,34.51,42.61,18.2,84.78,103.45,45.11
1.0,0.0,bottom,106.96,117.12,4.6,77.38,90.14,54.77
0.0,1.0,bottom,104.11,86.36,10.4,79.19,46.25,55.08
0.0,0.0,middle,47.49,-5.71,7.3,77.33,112.97,87.6
0.0,0.0,bottom,77.39,60.01,5.8,84.61,89.8,52.59
1.0,0.0,top,22.34,32.73,13.8,79.77,50.81,41.68
0.0,0.0,bottom,78.53,103.97,15.4,80.16,94.4,51.13
0.0,0.0,top,36.56,29.9,18.8,78.61,82.37,43.86
0.0,0.0,bottom,100.46,104.17,21.8,77.09,86.44,52.58
1.0,1.0,middle,36.78,48.03,4.0,77.58,123.96,105.26
1.0,0.0,bottom,109.35,109.86,7.9,78.23,116.61,55.7
0.0,0.0,middle,49.57,34.39,20.7,83.33,101.78,84.47
1.0,0.0,bottom,101.51,146.81,4.3,82.54,114.54,53.32
0.0,1.0,top,23.88,16.74,10.7,76.51,32.6,57.33
1.0,0.0,bottom,92.58,105.29,20.0,77.15,32.26,61.67
0.0,0.0,bottom,114.05,73.64,11.0,84.09,21.35,44.34
0.0,0.0,bottom,106.93,79.06,11.0,81.98,28.71,46.48
1.0,0.0,top,21.57,19.23,11.6,77.2,37.09,50.68
0.0,1.0,top,23.32,44.99,18.4,76.17,69.77,59.1
0.0,0.0,middle,7.08,53.55,9.3,82.22,25.45,54.27
0.0,0.0,middle,62.02,42.48,7.5,81.65,41.29,89.22
1.0,0.0,bottom,85.1,76.44,13.7,82.58,20.44,57.29
1.0,1.0,top,34.74,28.34,14.8,85.92,28.87,73.54
1.0,0.0,middle,33.5,52.76,17.4,84.9,32.87,83.74
0.0,0.0,top,20.57,26.17,14.4,82.13,93.19,35.71
1.0,1.0,bottom,79.37,71.63,10.6,82.55,31.9,74.34
1.0,0.0,bottom,109.42,96.42,9.4,76.71,102.27,53.31
1.0,1.0,top,32.78,22.08,20.0,83.72,124.66,69.2
0.0,0.0,top,29.98,37.1,20.1,75.37,61.76,49.45
1.0,0.0,top,28.47,24.04,19.7,81.43,101.72,53.92
1.0,1.0,middle,60.82,15.94,19.9,78.08,54.18,117.62
1.0,0.0,bottom,93.01,114.43,11.8,77.18,117.37,63.98
1.0,1.0,middle,26.43,21.57,13.1,73.86,41.77,91.29
0.0,0.0,bottom,105.36,106.59,14.9,78.38,22.79,48.19
1.0,1.0,top,23.21,23.47,18.6,78.03,129.0,63.64
0.0,0.0,bottom,91.61,99.93,6.9,79.61,113.54,51.66
0.0,1.0,bottom,141.5,92.81,6.1,79.56,73.78,37.0
1.0,0.0,middle,65.19,21.39,14.4,78.58,57.93,103.38
1.0,1.0,bottom,105.28,122.98,9.7,77.01,35.59,70.39
0.0,0.0,top,43.57,32.74,19.5,74.69,57.25,52.36
1.0,1.0,bottom,72.46,84.15,11.0,82.17,37.67,72.09
0.0,0.0,top,29.59,39.01,18.6,81.5,33.6,35.83
1.0,0.0,middle,42.59,50.1,19.9,80.18,107.29,96.69
0.0,0.0,top,30.05,26.58,15.6,82.73,80.15,45.45
1.0,0.0,bottom,115.14,86.22,10.8,75.15,54.72,52.86
1.0,1.0,bottom,97.59,102.06,6.2,87.76,114.78,74.68
0.0,0.0,top,23.56,22.25,17.6,84.2,67.82,40.51
0.0,1.0,middle,30.58,2.28,5.2,82.16,95.76,84.82
0.0,1.0,bottom,119.68,129.46,21.4,82.96,86.84,54.39
0.0,1.0,middle,41.26,2.53,21.5,76.98,41.29,95.24
1.0,0.0,bottom,100.83,109.22,8.6,81.77,84.43,58.4
0.0,0.0,middle,49.58,45.28,6.9,80.4,78.02,86.11
1.0,0.0,middle,61.28,54.16,6.5,77.02,59.44,103.52
1.0,1.0,top,20.65,44.73,12.4,83.33,33.84,63.32
1.0,1.0,bottom,93.84,88.78,15.1,81.14,96.54,73.76
0.0,0.0,top,27.04,33.27,7.0,76.42,119.94,40.55
1.0,0.0,bottom,94.21,104.44,12.4,80.51,119.24,58.1
0.0,1.0,bottom,108.33,92.54,8.3,77.09,76.37,57.92
0.0,0.0,middle,39.65,20.52,12.2,76.08,46.67,77.66
1.0,0.0,bottom,100.47,117.13,12.5,80.12,113.7,58.79
1.0,1.0,top,28.12,36.32,19.8,79.87,30.11,69.08
1.0,0.0,bottom,95.42,124.49,5.8,83.84,88.94,61.03
1.0,1.0,middle,44.45,18.38,12.1,83.08,92.21,112.45
1.0,1.0,bottom,94.69,98.32,16.6,84.08,79.93,74.05
1.0,0.0,bottom,90.63,78.19,11.8,78.96,109.98,55.95
1.0,0.0,top,25.34,39.86,8.4,77.53,62.98,54.22
1.0,1.0,bottom,75.11,97.42,5.5,78.69,35.68,69.56
1.0,0.0,top,23.35,29.79,12.6,82.21,46.32,46.13
1.0,0.0,top,30.17,37.0,14.9,82.64,75.93,50.46
1.0,0.0,top,11.8,3.94,10.3,82.71,123.17,35.2
1.0,1.0,middle,49.3,-4.31,18.5,81.51,88.59,111.46
0.0,0.0,bottom,89.68,81.95,10.9,76.3,119.27,49.49
1.0,1.0,middle,44.75,69.2,6.3,75.69,56.57,106.12
0.0,0.0,bottom,118.35,126.13,19.0,82.3,80.86,44.24
1.0,1.0,bottom,85.2,117.33,4.3,86.52,54.28,72.59
1.0,0.0,middle,18.88,52.18,15.1,80.19,108.28,72.26
0.0,1.0,top,29.11,45.29,4.7,81.31,79.54,57.43
1.0,0.0,bottom,115.0,97.8,11.7,77.86,38.49,52.2
1.0,1.0,bottom,84.19,75.99,5.8,82.37,113.19,74.89
1.0,1.0,top,12.7,33.2,17.9,76.47,98.85,56.18
1.0,0.0,top,31.58,29.35,11.1,80.65,25.31,56.96
1.0,0.0,top,22.6,36.11,6.8,78.18,101.51,48.62
1.0,0.0,top,13.42,37.09,15.7,76.57,34.4,42.5
1.0,0.0,middle,27.68,67.46,17.8,82.82,35.13,81.05
1.0,0.0,bottom,92.59,115.56,19.9,79.05,46.12,61.34
1.0,0.0,top,25.73,23.7,10.9,83.67,47.64,53.61
1.0,0.0,middle,47.95,27.51,11.3,84.13,31.0,93.37
0.0,0.0,bottom,97.1,84.81,6.0,86.02,61.16,45.65
1.0,1.0,bottom,107.97,93.16,6.7,77.74,128.88,71.66
1.0,1.0,bottom,120.45,84.95,16.5,83.25,23.49,63.89
1.0,0.0,top,13.99,35.99,5.5,79.19,34.18,36.69
1.0,0.0,top,38.71,30.52,10.6,82.26,81.98,62.34
0.0,0.0,top,20.19,28.69,14.0,74.78,88.35,33.33
0.0,0.0,bottom,102.05,95.49,8.1,77.87,32.32,46.92
1.0,1.0,top,32.3,32.31,16.5,78.4,70.96,67.75
1.0,1.0,middle,40.23,34.08,15.9,85.14,23.32,105.08
0.0,0.0,bottom,91.69,105.26,14.3,85.39,45.68,50.82
1.0,0.0,middle,26.9,33.24,11.2,81.05,37.6,81.38
0.0,0.0,middle,27.53,36.62,12.9,80.57,51.45,72.99
1.0,0.0,bottom,111.16,148.3,10.9,88.91,60.77,54.92
1.0,0.0,middle,36.34,32.29,20.8,82.89,85.43,87.69
0.0,0.0,top,29.79,28.75,9.4,77.7,41.15,44.29
0.0,0.0,top,37.75,29.81,8.5,83.88,117.62,44.31
1.0,1.0,middle,41.49,31.87,15.8,81.79,109.64,109.41
0.0,1.0,bottom,112.71,110.38,13.2,86.15,92.09,55.48
0.0,0.0,middle,42.48,70.25,6.4,86.18,57.14,81.66
0.0,0.0,middle,45.23,35.44,9.6,84.64,43.13,86.84
1.0,0.0,top,18.95,37.93,15.9,80.26,33.75,46.68
1.0,0.0,middle,45.77,68.8,20.9,86.11,54.26,101.05
1.0,1.0,top,30.81,35.12,10.5,83.24,128.63,69.26
0.0,0.0,top,43.99,22.48,5.5,73.07,106.96,53.46
1.0,0.0,bottom,97.66,96.21,18.9,78.38,25.5,58.47
1.0,0.0,bottom,136.46,136.46,11.4,78.23,35.82,35.53
0.0,0.0,bottom,106.46,123.86,13.1,77.78,73.06,44.84
0.0,0.0,middle,39.35,54.97,4.6,74.69,83.94,81.25
1.0,0.0,middle,19.43,26.1,14.9,84.47,91.6,74.77
0.0,1.0,top,31.47,32.24,7.7,81.77,110.14,56.23
0.0,1.0,top,35.02,23.89,4.8,75.3,50.5,59.35
1.0,1.0,bottom,103.82,108.02,17.8,78.56,59.07,73.85
1.0,0.0,bottom,110.11,61.47,5.8,76.73,29.46,53.49
1.0,1.0,bottom,90.14,124.72,6.9,76.67,122.85,74.69
1.0,0.0,middle,36.84,35.76,8.8,80.26,45.83,86.84
1.0,0.0,bottom,101.8,113.53,14.1,83.56,28.35,58.64
1.0,0.0,top,44.2,19.37,19.5,84.03,58.77,68.35
0.0,0.0,top,32.35,25.39,14.4,83.03,53.53,44.44
1.0,0.0,bottom,116.75,64.82,10.7,75.14,78.46,52.88
1.0,0.0,top,40.76,34.0,21.0,77.7,119.77,63.73
0.0,0.0,top,23.52,30.59,4.8,85.37,53.69,41.01
0.0,1.0,bottom,95.69,134.02,17.4,82.8,91.65,62.82
0.0,1.0,bottom,120.7,112.45,21.4,82.25,110.03,57.36
1.0,0.0,bottom,117.35,118.44,4.9,77.3,113.54,48.89
1.0,0.0,middle,53.06,13.54,20.8,87.77,27.8,101.15
1.0,0.0,middle,61.3,36.76,5.8,87.55,69.68,105.48
0.0,0.0,middle,28.28,50.12,12.2,80.24,77.73,66.67
0.0,1.0,top,33.75,22.33,10.1,79.29,66.86,63.37
1.0,0.0,top,27.97,37.18,8.1,79.17,73.6,48.41
0.0,0.0,top,27.19,32.9,18.1,78.93,30.31,39.96
1.0,0.0,top,32.94,36.44,10.4,75.51,37.85,52.88
0.0,0.0,middle,55.46,27.18,10.2,82.89,96.19,89.72
0.0,0.0,top,40.11,30.13,16.7,79.45,87.68,49.84
0.0,1.0,bottom,131.83,118.42,5.8,82.76,20.1,51.22
1.0,1.0,top,25.63,23.44,4.1,77.49,103.28,62.08
1.0,1.0,bottom,106.23,120.04,9.5,84.18,73.9,72.34
1.0,0.0,middle,35.65,21.65,12.1,79.0,91.43,85.86
0.0,0.0,middle,66.95,39.26,17.5,73.44,24.73,96.13
1.0,0.0,bottom,104.9,128.45,11.2,81.22,26.6,59.16
1.0,0.0,bottom,145.31,103.03,7.3,71.37,30.72,30.99
1.0,0.0,middle,46.56,40.83,7.3,81.05,101.96,94.12
0.0,0.0,top,34.94,26.89,19.3,78.99,61.21,47.56
1.0,1.0,bottom,117.46,109.18,18.2,84.16,77.74,71.55
0.0,1.0,top,46.26,30.76,21.8,86.93,104.47,69.61
1.0,0.0,top,34.18,17.49,8.8,79.89,71.05,55.77
1.0,0.0,bottom,80.47,97.26,9.1,80.45,118.7,63.43
1.0,0.0,top,21.61,31.14,5.1,79.0,27.99,45.96
1.0,0.0,top,36.57,21.09,5.3,83.12,74.4,62.27
1.0,0.0,middle,36.4,39.79,21.8,75.53,88.84,90.32
1.0,0.0,bottom,99.2,105.89,5.5,79.42,55.13,58.0
0.0,0.0,top,23.74,24.44,7.8,74.54,76.21,42.82
1.0,0.0,top,36.82,26.67,12.7,79.55,86.55,56.51
1.0,0.0,bottom,96.15,93.04,8.0,77.01,59.96,59.84
0.0,0.0,middle,23.81,5.97,10.6,76.79,128.85,68.64
1.0,0.0,bottom,94.45,132.41,11.1,77.71,24.39,61.86
1.0,0.0,bottom,85.69,72.49,5.5,78.23,116.91,61.31
1.0,0.0,top,36.56,39.86,14.7,80.57,107.67,58.38
1.0,1.0,middle,18.61,61.35,5.7,81.15,75.26,89.55
1.0,1.0,top,35.04,34.76,19.0,84.38,72.06,73.3
1.0,0.0,middle,29.75,21.67,15.1,78.43,22.7,83.58
0.0,0.0,bottom,93.22,71.82,7.9,80.83,75.79,49.18
1.0,1.0,middle,35.71,45.22,13.7,82.4,126.7,105.56
1.0,0.0,middle,32.4,37.98,4.5,77.32,35.34,82.91
1.0,1.0,middle,44.48,25.69,15.3,77.34,124.5,111.81
0.0,1.0,middle,35.66,-6.3,5.4,80.06,48.98,89.17
0.0,1.0,top,28.89,37.15,14.8,77.29,43.52,60.51
0.0,0.0,top,26.14,24.99,11.1,76.72,62.6,45.39
0.0,1.0,bottom,115.72,108.84,19.2,79.45,121.98,59.57
0.0,0.0,middle,43.09,21.24,12.6,82.97,115.52,81.72
1.0,0.0,top,39.01,31.81,17.5,81.84,89.43,62.25
1.0,0.0,top,26.18,22.48,19.9,82.35,81.09,53.81
1.0,1.0,top,32.19,47.22,11.5,81.35,86.95,69.41
1.0,1.0,top,21.94,24.29,18.9,85.32,30.52,60.81
0.0,1.0,middle,53.43,52.15,18.9,81.91,97.21,106.5
0.0,0.0,bottom,119.65,84.2,9.0,78.48,38.69,39.36
1.0,0.0,middle,37.05,68.35,4.5,81.73,67.02,87.56
1.0,1.0,top,29.08,35.86,18.2,81.76,100.49,67.61
1.0,0.0,middle,14.23,55.33,5.0,82.74,28.22,68.68
0.0,0.0,middle,54.42,110.23,10.5,85.05,113.35,91.95
1.0,0.0,bottom,105.82,76.84,13.3,81.62,42.16,58.92
1.0,0.0,top,20.04,31.36,15.7,83.28,127.01,50.98
1.0,0.0,middle,17.49,30.6,14.6,81.21,123.73,72.93
1.0,1.0,top,26.13,16.04,9.2,75.08,43.54,64.55
1.0,1.0,bottom,117.72,106.59,10.2,76.74,66.51,64.85
1.0,1.0,middle,35.97,36.14,11.1,76.9,59.88,102.71
1.0,0.0,top,38.0,26.45,21.7,79.63,36.09,59.56
0.0,0.0,middle,23.85,38.71,20.1,82.12,104.16,66.52
1.0,0.0,middle,50.53,27.13,16.7,76.36,99.94,95.21
0.0,0.0,top,22.3,36.35,9.1,74.98,40.14,40.08
1.0,0.0,middle,23.51,30.31,13.1,72.55,93.67,78.99
1.0,0.0,middle,26.6,37.73,14.0,79.08,125.89,82.47
0.0,1.0,top,34.84,39.03,19.2,78.07,41.18,62.42
0.0,0.0,middle,34.4,24.99,16.6,80.36,112.11,77.51
0.0,0.0,top,31.0,26.94,20.9,74.97,76.71,46.2
1.0,0.0,top,44.62,34.75,18.2,80.99,115.65,63.16
1.0,0.0,top,28.15,27.74,14.8,79.28,120.08,59.5
1.0,1.0,bottom,102.2,118.75,9.8,87.3,22.39,72.26
1.0,0.0,middle,61.3,33.26,8.8,80.43,118.89,103.87
0.0,1.0,top,24.73,42.32,19.6,76.0,128.75,54.98
0.0,1.0,middle,21.31,30.58,15.9,84.3,53.94,79.38
0.0,0.0,bottom,77.4,117.13,13.9,82.3,118.44,45.91
0.0,0.0,middle,15.21,34.9,6.0,80.5,80.1,61.83
1.0,0.0,bottom,123.95,135.54,16.3,78.71,22.6,51.54
1.0,0.0,bottom,96.99,92.35,14.8,77.74,123.12,59.02
1.0,0.0,bottom,98.65,119.06,15.7,80.76,71.82,60.49
0.0,0.0,top,32.99,16.15,21.2,81.98,55.21,50.89
1.0,0.0,middle,32.91,67.12,7.9,82.0,120.06,87.44
0.0,1.0,middle,57.34,-6.18,5.0,85.27,94.65,106.09
0.0,0.0,top,35.55,34.04,4.4,76.4,111.78,49.37
0.0,1.0,top,27.99,15.1,8.2,78.51,78.46,63.45
1.0,0.0,top,35.39,33.58,4.8,79.01,79.64,56.77
1.0,0.0,middle,32.4,46.36,11.8,84.11,68.21,85.32
1.0,0.0,top,38.0,27.5,15.8,74.78,20.3,63.2
0.0,0.0,top,44.9,43.6,6.3,85.88,57.49,54.06
0.0,1.0,top,24.3,22.86,21.1,77.35,106.24,51.65
1.0,0.0,top,18.44,43.32,16.1,80.31,116.01,40.84
1.0,1.0,bottom,112.12,121.61,19.9,80.38,62.5,70.94
0.0,0.0,middle,24.77,40.9,7.8,85.97,33.82,69.73
1.0,1.0,bottom,90.51,115.19,20.1,85.9,74.31,71.13
0.0,1.0,middle,20.28,13.46,5.6,76.91,75.05,84.85
0.0,0.0,top,19.8,29.16,12.1,80.31,64.92,35.3
0.0,0.0,bottom,104.45,119.52,18.6,79.72,27.33,49.0
1.0,1.0,bottom,67.23,93.14,18.8,78.89,87.48,67.63
0.0,0.0,top,37.38,37.01,5.8,79.46,93.2,50.02
1.0,0.0,bottom,96.44,100.69,10.5,83.05,92.9,54.93
1.0,0.0,top,35.16,13.78,15.2,80.93,66.92,56.31
0.0,0.0,middle,80.99,55.95,15.5,81.73,126.49,96.6
0.0,1.0,top,36.1,19.23,5.0,83.07,119.18,62.84
0.0,0.0,top,18.85,37.94,8.5,85.35,75.15,34.7
1.0,0.0,bottom,91.47,76.38,12.1,75.35,60.62,60.47
1.0,1.0,middle,22.65,45.26,16.3,80.75,39.84,89.99
1.0,0.0,middle,41.11,18.21,13.0,80.69,125.15,90.32
0.0,0.0,middle,46.94,38.84,5.0,79.2,59.31,85.02
0.0,0.0,bottom,90.17,121.53,12.3,72.83,43.28,49.84
1.0,0.0,middle,35.44,8.88,21.8,78.77,63.41,89.1
1.0,0.0,top,32.21,30.31,10.1,83.31,86.79,56.3
0.0,0.0,top,27.45,31.65,12.7,84.02,35.05,45.42
1.0,1.0,top,33.38,32.37,6.3,81.0,117.52,69.98
1.0,0.0,middle,36.04,28.53,19.9,82.41,32.02,91.64
1.0,0.0,bottom,120.42,76.09,17.7,79.71,42.15,46.28
0.0,0.0,bottom,102.84,98.56,18.5,83.59,57.55,49.06
1.0,0.0,bottom,100.35,109.34,12.3,77.31,96.52,55.13
1.0,1.0,middle,23.82,46.67,5.1,73.34,95.15,96.37
0.0,0.0,middle,15.77,36.57,14.8,75.51,48.48,61.93
1.0,0.0,bottom,90.26,96.07,21.3,81.05,103.03,58.77
0.0,0.0,middle,32.09,28.22,20.8,74.97,127.54,78.81
0.0,1.0,top,42.39,28.11,16.9,76.94,118.08,70.04
0.0,0.0,top,17.71,34.29,17.2,80.35,87.85,32.71
1.0,1.0,middle,38.01,35.39,5.0,83.13,36.14,103.7
1.0,0.0,middle,4.9,28.63,13.2,78.7,29.7,58.64
0.0,1.0,top,23.36,38.5,6.9,77.48,44.32,54.55
1.0,1.0,top,36.74,35.38,12.4,73.87,90.32,68.44
0.0,0.0,middle,44.81,54.26,16.3,80.47,88.33,86.63
1.0,1.0,top,32.86,34.42,7.9,78.45,124.98,72.02
0.0,0.0,bottom,91.85,90.11,14.7,72.87,55.18,42.57
1.0,0.0,middle,24.31,28.74,18.3,77.97,115.31,77.62
1.0,0.0,middle,38.46,21.24,12.7,74.6,70.56,93.44
1.0,0.0,top,25.81,38.47,8.4,74.35,105.1,52.89
1.0,0.0,middle,33.96,59.6,18.1,83.64,69.33,83.92
1.0,0.0,middle,40.94,39.4,13.0,75.98,115.95,93.07
1.0,1.0,bottom,94.67,106.36,4.6,81.07,69.4,67.79
0.0,0.0,top,19.89,29.33,21.1,81.48,108.82,31.89
1.0,1.0,top,21.93,17.03,14.7,78.53,69.51,64.81
0.0,0.0,top,20.82,26.53,11.7,77.73,56.04,32.74
0.0,0.0,middle,22.27,40.91,14.3,81.61,72.21,67.93
0.0,0.0,bottom,91.96,127.99,11.2,77.32,95.72,49.06
1.0,0.0,bottom,86.18,73.95,12.4,77.04,97.12,61.98
1.0,1.0,top,30.69,24.84,9.9,79.13,91.76,75.83
0.0,0.0,bottom,109.13,102.29,18.0,80.0,70.2,43.2
1.0,1.0,bottom,87.51,118.31,11.1,80.57,61.03,73.13
0.0,0.0,middle,26.11,40.54,6.4,80.4,40.47,71.34
1.0,0.0,top,33.51,37.96,7.2,83.14,95.46,58.27
0.0,0.0,middle,39.03,47.72,10.8,84.51,83.69,80.86
0.0,0.0,bottom,97.84,70.65,10.4,80.1,33.98,51.42
1.0,0.0,bottom,114.87,116.88,15.4,79.85,118.85,59.66
0.0,0.0,top,23.98,14.82,12.2,80.21,94.35,35.99
0.0,0.0,middle,20.88,-0.3,21.4,79.53,46.19,64.82
1.0,0.0,top,11.98,38.09,9.5,81.81,43.37,36.27
1.0,1.0,bottom,115.07,139.51,16.5,79.82,125.15,72.33
1.0,1.0,top,36.43,32.63,21.2,84.25,37.01,76.13
1.0,0.0,bottom,89.7,69.61,12.8,77.99,41.26,62.98
1.0,0.0,middle,47.9,30.01,16.7,79.37,71.36,99.73
0.0,1.0,middle,25.36,50.09,8.8,78.82,68.79,85.75
0.0,0.0,middle,45.56,51.75,8.2,73.31,31.21,84.55
0.0,1.0,middle,41.84,41.31,5.8,80.36,96.2,98.13
1.0,0.0,bottom,109.32,99.27,15.9,80.18,45.75,47.15
0.0,1.0,top,27.7,43.25,15.2,80.85,76.14,59.71
1.0,0.0,top,27.59,15.43,8.7,80.17,113.37,49.77
0.0,1.0,top,35.1,29.41,6.9,72.81,53.74,64.17
0.0,0.0,top,26.0,29.9,8.1,78.45,90.37,45.99
0.0,0.0,bottom,105.28,69.78,7.3,76.34,91.4,45.72
0.0,0.0,top,23.3,36.77,6.7,77.26,31.43,40.46
0.0,0.0,middle,53.84,52.54,4.9,78.84,110.37,88.0
1.0,0.0,middle,30.21,52.75,9.6,77.07,88.14,87.02
0.0,0.0,top,33.04,23.35,19.7,80.51,87.67,40.14
1.0,0.0,middle,41.44,31.82,6.2,78.65,121.42,95.81
1.0,0.0,middle,61.46,3.7,16.6,77.82,47.19,100.13
1.0,0.0,bottom,104.15,98.09,9.8,79.2,29.19,61.43
1.0,0.0,top,36.82,35.14,19.9,79.38,101.94,57.92
0.0,0.0,bottom,106.09,96.96,4.9,75.41,35.62,47.22
0.0,0.0,middle,23.33,12.99,17.4,83.74,117.73,62.52
1.0,0.0,top,41.01,22.91,8.2,82.37,33.41,64.68
1.0,0.0,top,29.76,45.21,11.2,80.97,57.54,53.62
1.0,0.0,middle,33.19,18.69,20.7,82.03,114.47,88.58
1.0,0.0,bottom,86.61,109.81,21.9,79.98,92.3,54.04
1.0,0.0,top,25.75,38.43,12.7,79.0,110.54,49.88
0.0,0.0,bottom,86.26,108.9,20.3,82.4,85.01,46.83
0.0,0.0,top,18.13,34.71,11.6,84.92,85.11,39.51
1.0,0.0,middle,60.72,38.0,7.0,83.05,87.66,99.8
0.0,1.0,top,33.6,25.94,7.1,84.06,102.16,61.16
1.0,1.0,bottom,112.11,160.8,12.1,76.57,84.92,65.61
0.0,0.0,middle,46.88,50.05,13.9,83.07,127.22,83.72
1.0,0.0,middle,41.05,67.59,10.9,80.64,29.2,93.43
1.0,0.0,bottom,79.65,107.48,10.1,80.8,123.92,61.36
0.0,0.0,top,30.93,28.4,5.2,78.97,47.97,45.52
1.0,0.0,middle,25.83,37.93,8.1,84.32,100.15,86.36
1.0,0.0,top,26.6,43.15,9.8,80.15,57.23,51.99
0.0,0.0,top,11.28,26.71,15.8,80.79,99.75,27.55
1.0,1.0,bottom,104.58,93.34,14.3,85.17,107.47,73.63
1.0,0.0,bottom,103.98,94.6,18.6,82.76,112.64,56.48
1.0,1.0,top,22.27,32.31,17.7,87.07,70.23,59.71
0.0,1.0,bottom,88.91,95.06,18.3,83.74,79.23,61.8
1.0,0.0,top,26.03,30.36,10.9,77.58,128.25,54.97
1.0,0.0,middle,48.41,50.33,10.0,79.68,30.81,90.35
1.0,0.0,bottom,95.07,56.77,15.2,74.99,90.96,58.85
0.0,0.0,middle,42.18,40.37,16.1,77.46,30.57,82.51
1.0,0.0,top,29.7,35.73,10.0,78.1,51.98,51.12
1.0,0.0,bottom,83.62,65.14,14.8,79.26,53.75,60.34
1.0,0.0,top,32.27,37.95,8.9,80.65,91.43,55.05
1.0,1.0,bottom,97.81,100.07,4.9,81.28,38.55,73.67
1.0,0.0,middle,36.08,18.92,8.2,82.08,26.5,87.09
1.0,0.0,middle,48.11,32.21,18.6,81.29,106.77,95.04
1.0,0.0,top,21.64,42.81,8.0,80.31,79.85,46.37
1.0,0.0,middle,52.19,63.86,17.6,78.27,78.11,99.92
1.0,1.0,bottom,96.88,77.61,4.6,78.54,22.37,73.55
1.0,0.0,middle,21.9,80.76,7.5,74.06,56.77,81.51
0.0,1.0,middle,39.71,42.5,11.8,74.31,26.84,95.27
0.0,1.0,bottom,84.37,110.75,9.9,83.83,126.42,60.0
1.0,1.0,top,30.02,33.35,14.4,84.94,67.34,67.4
1.0,1.0,bottom,100.32,103.2,13.3,74.81,23.22,73.45
1.0,0.0,top,13.55,19.0,8.1,79.21,87.68,34.5
1.0,1.0,bottom,119.93,86.42,16.2,79.14,97.47,64.4
1.0,0.0,middle,21.9,54.05,16.1,77.35,46.37,79.05
0.0,0.0,middle,39.88,40.2,20.5,85.64,97.39,76.97
1.0,0.0,bottom,99.3,54.23,18.6,76.36,81.19,61.73
1.0,0.0,middle,49.29,40.63,18.7,82.2,35.43,99.64
1.0,1.0,middle,37.25,14.52,20.5,84.54,109.48,101.39
0.0,0.0,bottom,95.27,72.47,4.4,82.24,68.41,49.97
1.0,0.0,middle,28.31,80.86,10.2,82.42,115.46,78.85
0.0,1.0,bottom,109.17,75.98,13.8,80.82,76.85,57.85
1.0,0.0,top,39.91,19.63,15.1,81.93,81.48,62.08
1.0,1.0,middle,22.1,45.44,19.0,73.98,87.82,91.73
1.0,1.0,middle,54.06,82.86,11.2,82.2,120.37,113.21
0.0,0.0,bottom,94.21,66.88,16.3,76.69,64.86,47.82
1.0,1.0,top,30.93,28.15,14.9,80.16,74.76,72.03
0.0,0.0,top,30.91,17.52,9.6,80.43,88.53,47.72
1.0,0.0,middle,38.99,3.16,7.5,82.2,73.22,92.85
0.0,0.0,middle,63.08,58.14,17.6,82.7,66.75,98.01
1.0,0.0,bottom,103.23,106.69,5.5,80.4,67.16,55.17
0.0,1.0,bottom,110.85,103.12,12.0,83.05,116.38,64.09
1.0,0.0,top,38.74,22.48,11.4,86.03,49.27,59.33
1.0,0.0,middle,45.8,19.68,5.3,75.4,102.79,95.48
0.0,0.0,middle,35.39,64.68,19.1,77.72,44.26,75.8
0.0,1.0,middle,42.84,15.39,10.2,85.31,103.42,92.74
0.0,0.0,middle,16.6,28.14,16.8,79.98,67.42,62.08
1.0,0.0,top,22.2,25.66,8.6,75.38,88.22,51.14
0.0,0.0,top,31.83,28.29,8.3,79.26,61.11,48.14
1.0,1.0,top,37.32,35.64,4.1,74.86,71.44,77.45
0.0,0.0,middle,47.6,30.99,8.2,85.08,78.89,86.16
1.0,0.0,middle,49.3,54.47,19.9,81.59,89.99,97.69
1.0,1.0,middle,16.11,31.78,6.0,77.06,93.12,82.68
1.0,1.0,middle,40.41,25.09,17.5,82.45,58.32,109.4
1.0,1.0,bottom,110.86,92.03,19.8,75.27,72.58,69.27
0.0,0.0,middle,53.65,34.97,9.0,81.9,102.59,90.58
1.0,0.0,bottom,84.3,102.35,6.2,75.47,119.64,61.87
1.0,0.0,bottom,110.31,103.35,19.9,77.14,69.25,58.6
1.0,0.0,top,44.41,28.86,15.1,82.72,71.69,61.96
1.0,0.0,top,32.57,25.45,7.6,85.97,106.62,56.81
1.0,0.0,middle,61.27,39.77,12.3,74.94,90.22,103.56
0.0,0.0,bottom,84.06,109.64,21.4,78.87,112.23,49.5
0.0,1.0,middle,26.01,32.75,10.8,79.99,67.48,85.02
1.0,0.0,top,35.79,29.67,5.3,83.73,55.1,60.61
1.0,0.0,bottom,87.1,90.17,4.5,72.03,128.64,63.48
0.0,0.0,bottom,119.67,68.31,8.0,77.13,48.6,39.87
1.0,0.0,middle,53.58,46.9,20.6,84.84,59.99,99.47
1.0,0.0,top,37.24,25.39,9.9,79.95,87.54,58.19
1.0,0.0,bottom,123.53,95.86,5.6,81.62,108.12,45.66
1.0,1.0,middle,12.84,50.8,8.6,84.93,125.91,80.96
1.0,0.0,middle,47.87,3.64,10.8,78.4,56.45,97.56
1.0,0.0,middle,19.41,42.81,10.7,81.87,117.07,73.15
0.0,0.0,middle,49.15,19.96,20.9,81.11,21.9,84.96
0.0,0.0,top,35.9,28.65,17.9,78.91,129.4,49.37
0.0,0.0,top,30.85,26.59,21.9,77.59,24.95,43.23
1.0,0.0,top,21.9,21.55,20.8,80.06,64.88,49.15
1.0,0.0,bottom,105.19,102.09,16.8,81.8,71.59,63.81
1.0,0.0,top,32.6,28.48,9.7,83.14,50.0,55.53
0.0,1.0,top,20.98,27.98,5.7,85.7,71.12,49.0
0.0,0.0,middle,43.6,55.3,4.6,82.1,78.54,85.99
1.0,1.0,middle,49.74,56.11,7.7,75.11,97.73,112.21
0.0,0.0,middle,52.18,18.4,14.4,75.54,109.2,85.64
1.0,0.0,top,23.86,19.44,7.0,79.52,52.55,49.68
0.0,1.0,top,51.13,32.29,11.0,81.68,46.85,71.7
1.0,1.0,top,42.83,22.8,17.6,80.36,93.17,80.51
1.0,0.0,middle,58.53,73.62,5.9,76.76,52.55,103.08
1.0,1.0,top,34.96,26.59,6.1,80.89,22.52,71.98
1.0,0.0,bottom,125.85,107.02,7.3,82.77,44.68,44.72
1.0,1.0,top,31.78,17.03,21.5,81.81,77.41,65.32
0.0,0.0,bottom,106.68,95.19,4.9,79.1,47.88,51.88
0.0,0.0,top,25.96,22.97,11.2,81.09,34.19,34.79
0.0,1.0,middle,20.12,72.16,6.4,76.34,88.95,83.46
1.0,1.0,middle,23.12,44.13,19.7,73.66,53.08,89.59
1.0,1.0,middle,34.04,45.78,21.9,75.79,56.8,107.57
1.0,0.0,bottom,104.53,78.71,15.6,85.99,48.15,58.09
1.0,0.0,top,26.33,32.06,15.5,76.41,81.62,50.22
1.0,0.0,top,31.41,10.1,12.5,80.27,101.4,59.83
1.0,1.0,bottom,95.52,122.97,7.8,81.77,98.38,74.84
1.0,0.0,top,31.15,47.89,20.2,80.3,51.49,54.0
1.0,0.0,bottom,113.57,72.58,11.1,78.29,88.58,53.44
1.0,0.0,middle,37.98,7.41,9.1,81.35,23.05,96.19
1.0,0.0,middle,46.08,24.63,4.8,79.47,104.02,93.58
0.0,1.0,bottom,99.36,101.43,12.1,87.72,24.86,64.46
1.0,0.0,top,35.14,26.54,15.0,81.9,74.15,60.05
1.0,0.0,middle,45.72,36.67,16.7,79.49,122.75,96.24
0.0,0.0,top,17.12,32.91,18.5,80.96,108.44,30.33
0.0,0.0,middle,23.75,76.78,11.9,78.73,54.51,68.08
0.0,0.0,bottom,119.41,98.77,7.6,78.22,105.88,42.16
1.0,0.0,bottom,90.25,142.73,8.5,78.87,39.72,62.6
0.0,0.0,middle,47.94,44.11,7.0,83.53,37.46,82.35
1.0,1.0,middle,37.32,39.0,13.8,80.35,31.93,100.86
1.0,0.0,top,27.41,36.64,12.2,83.9,23.58,48.99
0.0,0.0,middle,22.5,54.14,4.4,78.08,124.55,73.24
1.0,0.0,bottom,132.81,111.41,5.3,77.08,25.1,42.86
0.0,0.0,middle,29.88,45.82,5.9,78.22,57.22,78.15
1.0,0.0,middle,33.96,13.25,16.8,80.26,125.35,83.99
1.0,1.0,bottom,107.04,103.51,11.7,78.99,81.44,67.35
0.0,0.0,bottom,101.55,78.6,13.4,81.15,96.96,50.68
1.0,0.0,top,10.13,24.35,21.5,84.18,37.13,33.16
1.0,1.0,bottom,84.93,110.85,14.7,81.01,95.02,77.15
0.0,0.0,top,36.23,36.54,16.1,79.28,62.88,53.73
1.0,0.0,bottom,137.92,90.45,12.1,79.73,65.35,37.08
0.0,0.0,bottom,92.51,64.11,18.8,82.12,79.62,44.88
1.0,0.0,middle,70.52,46.38,5.8,78.5,42.14,102.08
0.0,1.0,top,24.65,37.11,7.0,76.66,105.74,55.47
0.0,1.0,bottom,104.0,85.68,6.2,78.49,101.35,63.85
0.0,1.0,bottom,88.21,111.72,16.8,77.1,105.9,67.52
0.0,1.0,bottom,98.76,120.45,5.6,77.33,53.18,65.87
1.0,1.0,bottom,111.0,85.0,12.7,78.04,32.38,73.11
0.0,0.0,top,24.72,21.89,16.1,84.95,43.68,41.6
1.0,0.0,middle,47.71,89.6,7.1,79.14,122.96,92.97
1.0,0.0,middle,10.53,37.46,8.7,78.43,84.57,61.82
0.0,0.0,top,34.77,34.55,21.4,81.84,119.89,47.18
0.0,1.0,top,40.23,31.86,13.7,78.56,60.68,68.71
1.0,0.0,bottom,103.39,85.79,7.1,85.92,124.87,58.73
1.0,0.0,bottom,98.5,84.12,17.1,81.13,67.83,56.84
0.0,0.0,top,32.42,29.77,12.4,78.1,23.75,48.32
0.0,0.0,top,13.49,51.55,21.8,75.92,128.19,27.63
1.0,0.0,top,31.2,20.65,19.0,79.88,99.25,54.62
0.0,1.0,top,24.36,11.19,18.5,77.73,28.78,53.98
1.0,0.0,top,34.33,34.45,21.7,82.99,78.42,64.7
1.0,1.0,middle,31.78,71.22,5.3,78.87,76.25,104.76
0.0,0.0,middle,54.17,50.47,17.9,74.65,103.07,97.07
0.0,0.0,top,40.93,34.69,5.8,82.19,36.9,47.28
1.0,0.0,top,38.73,26.35,16.4,78.55,55.05,67.15
1.0,0.0,middle,51.88,41.49,20.3,79.43,45.76,98.18
1.0,0.0,middle,48.03,18.78,20.7,79.22,77.13,101.44
1.0,0.0,middle,44.8,45.76,4.8,81.98,28.69,92.48
0.0,0.0,bottom,78.73,134.14,13.3,80.93,34.92,44.41
1.0,0.0,bottom,92.31,99.22,13.8,77.3,57.08,59.35
1.0,0.0,top,25.03,39.09,13.8,81.15,70.78,52.43
1.0,1.0,bottom,105.73,123.83,18.2,78.9,43.14,66.35
0.0,0.0,top,26.24,31.49,18.3,82.05,40.62,41.45
0.0,0.0,middle,43.74,9.4,21.8,83.32,105.06,86.46
1.0,0.0,bottom,108.32,80.93,17.9,82.67,85.96,55.33
0.0,0.0,bottom,95.26,83.9,19.8,78.03,27.63,46.9
0.0,1.0,middle,58.16,68.79,7.8,77.35,129.12,99.42
0.0,1.0,top,30.95,33.04,13.7,78.67,84.58,62.91
0.0,0.0,middle,43.11,37.77,13.3,79.17,55.24,82.97
1.0,0.0,middle,47.01,42.19,19.1,83.49,115.79,93.18
1.0,0.0,top,36.64,37.83,12.4,83.1,103.36,60.76
1.0,0.0,bottom,80.8,104.5,15.6,79.34,112.85,58.75
1.0,1.0,top,42.88,47.12,5.4,78.62,28.02,79.44
1.0,1.0,top,22.49,16.14,12.5,81.16,60.9,67.92
1.0,0.0,middle,51.33,42.37,14.3,84.12,89.09,98.09
1.0,0.0,middle,14.22,-4.14,9.2,79.83,59.34,71.28
0.0,0.0,top,30.39,37.74,8.9,79.28,103.3,42.89
1.0,1.0,bottom,108.02,102.08,17.3,83.13,82.54,69.01
0.0,1.0,top,26.12,32.51,10.4,78.55,116.52,53.22
1.0,0.0,middle,19.0,41.18,4.6,77.65,41.23,77.3
1.0,1.0,top,4.19,33.56,20.2,82.97,100.3,49.32
1.0,0.0,bottom,78.43,93.12,14.1,80.78,85.1,59.98
1.0,1.0,top,37.38,35.76,15.0,82.48,68.64,78.85
1.0,1.0,middle,11.52,76.81,4.2,81.34,78.13,81.46
1.0,0.0,bottom,76.19,77.07,20.0,78.9,60.71,57.3
0.0,1.0,top,15.24,24.12,15.5,75.99,119.35,50.25
0.0,1.0,top,27.65,44.0,18.6,78.77,64.71,60.62
0.0,1.0,middle,41.79,70.1,4.1,79.6,118.77,102.43
0.0,0.0,bottom,94.58,127.56,21.6,75.42,21.42,47.42
1.0,1.0,bottom,115.48,87.31,7.0,77.25,98.88,61.54
0.0,1.0,bottom,84.58,125.04,9.9,77.1,46.36,60.79
1.0,0.0,bottom,95.29,109.35,10.2,81.69,103.47,57.61
0.0,0.0,middle,23.7,29.1,16.0,83.27,64.53,69.35
1.0,0.0,middle,45.34,43.71,15.1,75.76,31.2,95.11
0.0,1.0,bottom,81.84,74.77,5.5,77.26,31.52,62.64
1.0,1.0,middle,37.95,49.25,15.6,81.83,22.71,101.52
1.0,0.0,middle,37.41,60.07,16.4,81.97,115.22,94.69
1.0,1.0,top,21.37,41.65,5.7,79.98,121.61,65.27
1.0,0.0,top,21.51,34.01,9.3,78.47,114.39,47.17
1.0,0.0,top,28.19,32.05,15.1,83.56,58.53,50.49
1.0,0.0,top,23.57,9.89,5.2,86.0,104.25,51.86
1.0,0.0,top,31.82,36.6,14.7,78.02,32.33,54.2
1.0,1.0,bottom,108.98,108.72,13.9,80.96,72.56,74.51
1.0,0.0,bottom,73.88,132.57,20.5,77.66,42.34,58.71
0.0,1.0,top,29.42,26.75,11.2,82.19,92.96,59.18
1.0,0.0,top,31.1,26.85,16.0,87.28,106.14,51.5
0.0,0.0,middle,73.75,73.97,11.3,79.72,103.47,89.46
1.0,0.0,bottom,89.11,90.33,8.8,79.25,129.15,57.77
0.0,0.0,top,5.95,19.81,11.4,84.25,42.37,22.07
0.0,0.0,bottom,91.4,55.4,6.4,80.47,72.27,51.95
1.0,0.0,middle,22.4,39.96,10.5,78.52,112.85,75.46
1.0,0.0,bottom,102.37,96.64,21.2,77.34,43.29,57.91
1.0,0.0,top,25.31,33.63,10.2,78.13,59.85,53.82
0.0,0.0,top,25.22,21.09,7.8,76.93,69.04,42.43
1.0,0.0,top,28.79,36.16,5.0,83.17,100.93,54.56
0.0,0.0,top,23.46,29.11,12.3,78.63,105.7,39.98
0.0,1.0,top,30.41,34.13,11.4,80.75,123.78,57.57
1.0,0.0,middle,51.54,88.11,15.7,78.68,127.75,91.87
1.0,0.0,top,46.09,24.11,20.4,80.13,50.25,64.27
1.0,0.0,top,30.67,35.22,8.9,77.38,42.86,59.1
0.0,1.0,middle,29.98,39.26,16.7,86.78,41.41,88.73
1.0,0.0,top,34.3,24.61,13.4,77.92,121.99,56.47
1.0,1.0,bottom,112.43,115.66,7.4,83.25,63.21,68.01
0.0,1.0,bottom,106.6,102.03,4.3,74.1,113.41,63.32
1.0,0.0,middle,45.28,65.22,11.1,77.37,34.12,91.59
0.0,0.0,bottom,93.9,105.46,9.1,78.97,104.66,45.3
1.0,0.0,middle,48.16,-17.87,16.5,77.46,21.47,97.92
1.0,1.0,bottom,123.64,113.67,14.3,82.4,94.6,65.68
1.0,0.0,bottom,87.73,119.42,14.3,79.0,126.34,58.39
0.0,0.0,bottom,107.93,145.74,8.7,83.35,93.23,45.05
1.0,0.0,top,33.47,44.73,15.0,79.12,58.37,52.5
1.0,0.0,bottom,68.77,102.97,17.9,83.09,38.74,52.99
1.0,0.0,bottom,113.39,96.25,16.3,78.91,89.96,52.42
1.0,0.0,middle,37.3,31.52,11.3,79.7,25.14,87.5
1.0,0.0,bottom,99.75,111.5,6.3,76.09,126.33,58.37
1.0,1.0,middle,19.06,63.58,21.9,84.98,82.22,85.43
0.0,0.0,top,30.49,34.58,14.6,81.25,113.54,40.95
1.0,0.0,bottom,123.2,96.81,8.5,82.33,21.03,47.97
0.0,0.0,top,29.04,46.01,16.2,82.45,97.11,48.5
1.0,0.0,top,29.47,29.75,16.7,86.82,23.78,48.7
1.0,0.0,middle,49.32,42.58,9.9,82.89,40.47,94.21
1.0,0.0,bottom,112.24,114.82,11.1,78.59,104.24,52.32
0.0,0.0,bottom,121.57,108.07,6.7,77.44,77.03,36.73
0.0,0.0,bottom,129.64,75.1,12.0,75.15,49.85,32.51
0.0,1.0,middle,52.68,6.7,10.0,79.9,127.68,98.09
0.0,0.0,bottom,84.01,109.92,13.2,85.6,90.01,41.97
1.0,1.0,bottom,96.16,121.04,17.5,82.14,51.19,69.22
1.0,0.0,bottom,98.98,97.11,11.9,79.83,127.96,57.65
1.0,0.0,middle,59.18,38.26,8.9,83.86,80.81,107.43
1.0,1.0,middle,12.95,68.42,6.4,80.0,20.58,80.49
1.0,0.0,bottom,89.84,85.8,21.6,80.11,115.15,61.96
0.0,0.0,bottom,96.72,108.44,14.6,83.93,61.48,43.6
1.0,0.0,bottom,92.88,95.27,15.8,83.17,42.61,58.38
1.0,0.0,bottom,84.5,115.01,7.4,79.3,103.08,60.8
0.0,1.0,bottom,107.07,101.26,11.2,80.51,114.26,59.98
1.0,0.0,middle,52.05,25.05,18.2,78.46,110.03,97.44
1.0,0.0,top,31.58,29.36,20.2,78.73,82.91,58.05
0.0,0.0,bottom,92.96,92.32,8.0,80.08,129.78,54.47
0.0,0.0,top,22.02,27.47,9.7,83.03,69.15,40.04
1.0,1.0,top,19.27,28.11,7.9,78.23,103.77,63.18
1.0,1.0,bottom,82.54,80.57,8.8,83.11,99.73,73.77
0.0,0.0,bottom,89.26,110.91,15.4,82.59,99.97,49.17
1.0,0.0,bottom,47.74,98.74,15.7,70.46,93.65,53.59
0.0,0.0,bottom,111.02,108.55,17.8,84.48,31.2,43.92
1.0,1.0,middle,46.68,28.14,12.8,80.89,81.27,114.06
1.0,0.0,bottom,83.84,69.93,10.2,84.8,120.5,57.56
1.0,1.0,top,40.37,32.56,20.9,75.95,53.8,74.79
1.0,0.0,middle,41.63,47.47,13.8,83.3,49.98,93.86
1.0,0.0,middle,86.13,34.33,19.0,78.34,93.82,105.83
1.0,1.0,middle,13.93,41.28,10.8,81.42,97.6,84.02
0.0,0.0,bottom,82.51,78.87,9.0,78.83,85.44,51.42
1.0,0.0,top,38.77,24.73,6.0,79.99,115.43,61.59
1.0,0.0,bottom,102.09,130.53,9.9,89.27,64.84,58.27
0.0,0.0,bottom,79.06,80.45,6.7,75.61,20.37,51.61
1.0,1.0,top,31.89,31.94,4.6,79.81,64.93,68.48
0.0,0.0,middle,26.69,66.23,15.8,75.5,45.41,67.81
0.0,1.0,middle,43.93,61.5,5.7,80.18,60.44,99.03
1.0,1.0,middle,31.13,64.82,13.3,84.16,48.36,105.74
1.0,1.0,bottom,91.04,91.9,19.3,80.61,32.87,76.1
0.0,0.0,bottom,97.26,136.17,16.5,83.19,87.65,45.17
1.0,0.0,top,24.62,33.13,5.2,77.43,63.28,50.23
1.0,0.0,middle,34.07,57.61,8.3,77.65,114.12,88.21
1.0,1.0,middle,25.02,48.59,5.9,76.17,70.61,101.88
1.0,1.0,bottom,96.06,88.52,14.8,80.58,22.5,71.82
0.0,0.0,top,33.64,34.27,13.7,82.95,69.47,46.91
1.0,0.0,top,37.12,40.07,7.8,81.58,41.81,62.2
1.0,0.0,top,32.65,20.59,14.9,73.31,105.85,56.75
1.0,0.0,top,31.13,32.03,15.2,79.65,44.98,59.14
1.0,0.0,top,26.16,16.8,10.8,83.13,37.22,51.25
1.0,0.0,bottom,102.45,85.44,16.3,79.77,121.21,65.6
1.0,1.0,top,48.88,18.39,14.3,77.42,47.78,80.56
1.0,1.0,bottom,105.19,116.5,16.5,80.33,61.02,70.91
0.0,0.0,middle,26.71,44.13,12.9,78.11,65.61,71.98
0.0,0.0,middle,46.96,33.44,8.9,78.46,34.46,86.32
1.0,0.0,bottom,85.34,106.65,15.3,80.88,125.81,61.96
1.0,0.0,bottom,104.12,115.74,5.6,81.38,108.48,54.28
0.0,0.0,bottom,80.22,84.94,19.1,78.0,31.39,47.83
0.0,0.0,middle,73.13,82.6,8.9,81.71,46.26,96.94
0.0,1.0,top,31.68,32.33,6.4,84.07,110.15,54.08
0.0,1.0,bottom,87.02,97.05,18.9,80.99,128.65,68.1
1.0,0.0,middle,40.36,23.01,6.9,80.69,129.09,89.66
0.0,1.0,top,31.4,28.82,18.4,85.74,31.01,59.43
1.0,0.0,top,35.17,31.15,14.5,82.59,20.61,58.4
1.0,1.0,middle,40.32,13.23,18.3,83.08,30.06,109.61
0.0,0.0,middle,34.09,37.73,10.9,84.12,122.06,77.18
1.0,0.0,top,11.65,33.17,7.4,79.61,117.86,35.53
1.0,0.0,top,26.17,35.94,19.5,80.02,22.0,47.79
0.0,0.0,top,36.81,40.63,17.7,81.08,92.57,50.18
0.0,0.0,middle,39.37,45.65,9.4,79.59,29.56,82.79
1.0,0.0,middle,13.47,48.59,17.3,80.1,107.67,69.3
1.0,0.0,top,42.53,15.04,4.4,83.8,112.86,62.98
1.0,1.0,bottom,98.94,115.3,21.2,80.0,51.78,74.08
1.0,0.0,bottom,98.36,104.67,4.3,70.13,39.35,61.61
0.0,0.0,bottom,99.66,73.7,10.4,85.72,54.48,46.96
1.0,0.0,middle,66.95,19.58,5.5,77.2,61.64,101.52
